"","Sample","i02S3","i02SM01","i02SM06","i02SM12","i04S3","i04SM01","i04SM06","i04SM12","i07S3","i07SM01","i07SM06","i07SM12","i09S2","i09S3","i09SM01","i09SM06","i09SM12","i10S3","i10SM01","i10SM06","i10SM12","i11S2","i11SM01","i11SM06","i11SM12","i14S3","i14SM01","i14SM06","i14SM12","i16O2","i16S2","i16S3","i16SM01","i16SM06","i16SM12","i18S3","i18SM01","i18SM06","i18SM12","i19S3","i19SM01","i19SM06","i19SM12","i21O2","i21S3","i21SM01","i21SM06","i21SM12","i22S3","i22SM01","i22SM06","i22SM12","i23O2","i23OM06","i23S2","i23S3","i23SM01","i23SM06","i23SM12","i25O2","i25S3","i25SM01","i25SM06","i25SM12","i26O2","i26S2","i26S3","i26SM01","i26SM06","i27S3","i27SM01","i27SM06","i27SM12","i28S3","i28SM01","i28SM06","i28SM12","i29O2","i29S3","i29SM01","i29SM06","i29SM12","i30S2","i30S3","i30SM01","i30SM06","i30SM12","i31S3","i31SM01","i31SM06","i31SM12","i32S2","i32S3","i32SM01","i32SM06","i32SM12"
"1","MAG001",178828,343564,264756,1124285,116,113,178,4718059,9,8664683,3141765,143668,564,14751251,10044864,8544163,2136573,225,364,787857,932820,46987,5947361,5569674,5199205,334,572455,2695,339207,5,141685,81699,152986,3173176,1440594,1498610,1130435,1922142,511374,36,267299,5336533,1972881,173,8,170101,3208463,75351,174,6898346,136095,1113428,9,34,111635,293573,56437,171257,796575,12,95,2251,6882264,2143888,5,51,313,2829162,1449008,134,8812338,8783376,407538,28,14409256,5674225,4062055,32,1119,134002,4026960,573837,672893,9314554,1145302,8856234,2396281,8,681720,753569,1150951,79,2084,3385,3278086,1498352
"2","MAG002",287951,253125,1322,452,1662053,41028,10583,881,40915,1975,1338,108,1278976,230893,5602,101,787,16324181,152316,187,870,22653,9490,102,109,3039,108116,185,77,12500,4686,40621,24517,165,38,21250,610,424,150,395233,4358,616,65,363,261570,552463,744,95,157287,32976,583,59,7496,30,268359,118956,1042,499,90,4112,84490,70652,2770,100,38,3466,2564,847,86,5409,10910,813,69,58593,4907,7913,251,955,7911,481,147,90,23882,8574,181769,4117,204,3458,3282,501,168,1919719,1463621,139382,862,555
"3","MAG003",360,92583,7,207,118,331,189,309,108,3288,149,67,1069,158,1654,609,236,6,205,116,186,21,12354,312,227,298,6987,129,26,352,663,174,1439,142,25,21,131,97,46,416,2854,500,49,0,6,52,405,28,620,4357,422,22,87,1348,1293,406,307,8666,422,125,433,3050,744,152,159,259,244,122,77,471,62,118,55,2021,381,1415,221,111,121,1171,404,31,4,12,192,472,347,231,193,431,95,373,1381,881,124,281
"4","MAG004",639496,4891829,2776508,357303,97,13,20,313811,0,321717,2748945,29131,476,513854,346326,544773,1878060,18,20,35130,44864,3938,403477,297861,930478,253,5859246,2715,564886,3,933198,1893472,2072072,799891,350664,70231,54304,5234147,151809,10,6796738,1814800,1420709,35,2,4161058,672559,14332,21,253738,416686,221898,78,86,3950788,7818751,1858322,3737683,36733,3,48,1507,1588477,369188,6,62,75,6358749,4273936,38,1865534,1872613,166106,10,38055,1153390,1016415,5,167,1249583,2465780,674791,24989,343430,2989159,1927435,981195,7,35925,106357,80791,55,1377,650,201215,171078
"5","MAG005",129045,1992717,2465,4125,7,0,8,45,0,7,6,123,5,3,4,139,1366,1,0,131,534,9,346,5,3296,542,9,134899,55924,3,53,64,58952,77323,73534,0,1,194,9065,14,0,1744,936,5,0,1,475,797,0,11,40,41474,4,9,2959,783,1911,5402,8347,10,6,49,1782,838,5,0,0,238,628,0,1323,2527,334,74,11,1938,6554,0,0,13953,2347,640,28,9522,2001957,92,71623,2,791,1346,1682,9,42,3,59,11042
"6","MAG006",25648,1049218,16017,1701594,7463,690,4570,26188,146,75932,31941,281893,2010,76115,53676,491020,1891052,44654,898,3624,8038,14457,634220,27342,640613,486,29862,286,947350,1046,2699,4722,45498,34887,31465,6582,5149,33674,971896,4171,9522,68066,66805,7,4280,7932,24870,84746,808,61754,49285,56940,233,61,35472,44120,15446,57547,8424,84,611,9737,89309,18140,2,169,150,78766,53028,222,71494,72219,4446,515,250,50772,706290,456,10426,22128,1799415,2010754,8674,126590,1741298,67669,702935,186,191045,287846,369290,9318,7702,37807,17391,70636
"7","MAG007",65839,161051,37,225,903524,436,154,247,466,63,159,88,3627,10571,1029,0,207,149690,2475,64,363,266,184,12,41,16,1183,60,60,3430,992,267,283,14,24,331,63,24,76,4510,184,150,14,4,1047,2246,246,35,1781,377,21,29,3443,25,5510,3982,109,319,22,138,9469,20189,340,83,6,19,10,139,28,1177,82,18,74,1273,270,238,97,46,70,17,41,126,4050,511,3669,81,24,156,352,150,70,1511705,2681085,62487,89,122
"8","MAG008",2706,6349,13387764,43644,11572,7680,116152,1818127,227,4481,5705,41387,5738,3444,2015,2043981,30581,81476,4571,265267,23535,196,1345,1419413,758805,389,3553428,1296786,16716,1953,11386213,11299162,2558489,211984,132931,556,325,592368,59289,2093,16611,2247530,567203,79,15084660,10109137,8081199,318764,871,13903,8196073,18634,2098,22,6988,11275,3036,8151,15304,34,3745,9919,1730901,153340,5,187,115,33615,168028,311,1808015,1402641,409712,2501,5517,3405418,75488,15,121,6298,326250,80251,9830124,5805673,6997810,2375885,385359,187,6970626,7000260,84315,13985,15028,1355,1923122,84331
"9","MAG009",120,8,2,2505505,29,1,1596161,19906,2730,422,4173,914390,202,7,15,291,1436955,29,2,40281,384293,17,53,727404,450122,10,12,173,280691,0,13441,17,184570,3455,26790,24,2,744,286709,12,9597,124,2894,5,2,1,20,289571,65,5,141,707445,4,7,2995,804,55,228,4513518,6,21,11,217,170971,3,13,11,6749,1241053,9,1,3,6787,243,36,32,304632,35,31,4041,3460,508836,159,198,17997,497,126590,124,18815,756644,273515,589,980,3,21860,1521278
"10","MAG010",55,2,3,801363,14,25,17570,280873,12,1567,26733,423972,138,4,191,27234,278664,24,5,668455,47809,13,17,979725,228926,27,21,437,69711,5,18053,11,37245,7803,272665,122,9,294196,806837,24,3696307,2059,208786,7,2,1,119,479556,56,53,1344,1654772,2,30,930,286,21,109,127557,8,33,18,197559,66407,2,42,24,29226,2765907,19,384,428,1071530,768,111,78,192525,14,3,200582,164723,300426,4377,10874,1835956,73611,91318,48,53974,781017,194892,199,360,55,1773108,573095
"11","MAG011",14237,292060,28509,2302356,56,21,551,23907,0,23284,66516,2629,33,45152,32811,40431,395136,1,185,2357,4898,563,37966,31886,93962,552,57858,214243,881341,2,8214,15143,29510,987224,551865,11257,8873,51059,227907,1,40042,1381279,673948,13,0,35530,314579,43357,2,19171,6805,12886,8,31,3047930,733468,1808842,6324563,5550,2,40,1797,1204225,375357,5,5,3,93196,756320,2,1067934,2337457,123954,23,1056,1149893,2615947,10,341,13647,56211,24537,1953,26655,42405,177652,1334161,5,4622,587989,579729,48,1048,3652,19083,2629380
"12","MAG012",398,89,44,261925,33,847,1194171,102134,370,13664,4576207,40697,249,250,1355,949,317911,80,1607416,91130,3902,3782,6861,40038,88402,5992,6081,16810,5676,29,1608,1001,4629,2601,9460,2820,3008,135969,28235,295483,5844,705085,1263671,0,9,104,23531,13598,5724,9588,36828,55609,7,3809,19501,6166,1529,943186,57807,23,6208,14411,2035009,15491,6,5532,5407,61346,60143,5511,2565,2603,99150,3360,3540,67457,36748,3076,690509,1096,291229,3608,80,688,148,10905,633616,4809,1820,313191,3350,372,289,80262,811588,9187
"13","MAG013",13186,19,65,289562,19,68,802164,792311,40,637,476998,176793,3358,271,44751,108782,39819,0,172,18734,18135,68,328,4805,259855,447,126,1942,35811,121,718,295,2482,13628,11034,284,111,90447,153435,86,2428,54404,83529,4,0,184,8944,56030,487,225,1280,13539,1,101,11334,3257,218,1157,71164,14,426,319,125,149108,1,418,462,1805,117916,937,22,35,86633,1107,117,1158,43872,17,43,1936,7160,10659,11,39,798,220201,25763,1464,1536,2153,21991,356,620,409,1049,8927
"14","MAG014",2092,17070,31586,26544,1863,245398,10768,7066,1984,8292,15960,3275,2329,7955,65839,16748,24124,234244,8651,2088,2655,170,13213,1865,11168,636872,57445,1557,20661,5677,6367,28189,10659,2673,1807,8719,8784,14717,17151,13792,338567,23525,12769,399,21086,325708,9660,8972,20313,85822,7587,9288,306,2235,10946,23002,4643,11290,1870,1179,21113,8627,11855,6508,661,19174,18496,34851,20689,274396,20531,22776,21276,128065,23536,43827,15964,3725,44198,30994,21333,17257,182063,9362,111474,21703,16273,71719,21139,20901,9482,147450,630063,10831,12423,11161
"15","MAG015",38,15,68902,322,63,12248606,248369,2491,392,716193,2246,261,3952,331,18,15198,388,653,149707,1988430,476,13,137,9786,2657,7716,231328,8405,1567,4,26806,26769,83285,1338,2942,33,111,4787,9180,5226,2663682,34236,1761,5,85107,68140,41680,2002,6976,30788,17294,4761,7,16,7435,4672,19,6908,1172,60,6622,9755,13442,1317,0,6265,6770,45033,72965,6894,3051,2525,2180,3268,2735,13413,470,5,583,16325,2150,448,42134,26827,1555,325493,1851,3838,120273,28058,2823,497,251,1371,10410,1529
"16","MAG016",172,30736,98,53594,8378465,809031,57210,63630,5118010,19777,4846,3158,25,4555,1043,1325,17289,380,31675,7230,15160,178,2281,286,4037,14480,150834,5809,9554,21162,10264,95664,3350,5920,1073,173611,136560,1816,7802,46199,89339,19313,1610,1794,356110,583102,26079,6022,206009,87284,3304,5330,762,44576,2153,6383,1351,76157,14430,4740,15936,24438,5476,37458,8964,15978,28323,35588,33800,560538,3505,4097,15013,591173,8692,61641,9661,4613,4598146,35872,14772,7940,784,4628,92431,103577,12125,557135,15260,27291,13947,1073322,2072041,69571,8421,4825
"17","MAG017",0,6,1301,5738,5,22721,109910,193978,1,357,72,1254,4,7,5312,4,6366,630,8633,74122,161,14,77552,185,27685,52,3815,107,4225,47,265,120,431,0,54,183,8055,39,4936,25036,1182,26,451,2540,6415,14201,2374,2485,46,37563,42,1696,6,4945,237,68,47,200314,3002,2672,376,3325,950,1517,1,5,2,42,1798,2,9,9,10419,43224,7105,4506,1216,45,148667,3,2061,833,2187,3389,424,84,180,28,47,1206,251,6876,367,0,2170,5825
"18","MAG018",1337,6,0,1696368,37,81,274148,2296807,57,1504,2320,572143,178,13,170,1556,314203,27,38,255131,305692,3516,4075,40293,25500,330,3,745,310360,22,835,72,254464,729,13239,1121,1179,3267,42862,39,48066,608,8855,28,50,680,110,459894,555,7,303,133956,20,33,6795,1850,121,642,434098,31,542,77,2455,244979,2,469,453,20702,216333,77,17,13,24317,203,24,73,272361,45,27,51080,89056,875159,221,577,80060,2982,131520,423,29054,47256,174592,732,1044,256,68101,609075
"19","MAG019",184,0,5788,86926,14,187,6291709,44434,20,1147,2857,48770,99,9,32,2240,51803,32,522,243398,137145,879,165,22345,15261,607,153,858,534021,6,538,25,335368,2084,15989,525,338,3045,218707,98,21206,6621,7724,8,17056,13853,8175,152031,26,707,194,84227,3,8,1172,52,8,17,155956,3,17,14,180,243615,60,21,107,4199,87247,5,710,572,16717,44,136,1608,309824,12,143,4532,3685,211809,2663,1950,21259,809,37656,210,17908,28059,814324,1420,1907,67,27846,662630
"20","MAG020",457,14,44319,139,2,39620,4170586,7245,0,1848,1017,172,2,0,0,7667,709,1,10611,60249,148,4,14,5106,2345,398,142242,15337,392,2,36359,35556,8461,51468,10112,59,8,6759,2896,5,1516,106453,8251,2,92752,66150,45242,1986,2,8206,32366,253,2,25,124,49,3,48960,742,7,3,361,9469,1023,0,1,0,516280,967,72,6579,5175,2249,711,1635,15421,310,0,2,5763,2275,517,26698,16869,459,9197,1418,1,45379,29611,193,1,4,1009,196679,513
"21","MAG021",4,496,11,953,254,304,249123,63779,854170,35766,80737,818,917,81,35,61090,591,31,4118634,1322,1597,91,15426,67461,1743,14075815,76833,588897,341,48,737609,379430,62987,580,138,10,239,467,1142,10609708,799,27027,1328,7,14,37238,12179,366,14880277,11495,2869,278,9,193,4975,1527,95,41006,211,352,14028539,7297,512827,296,4,15668288,14544832,1746250,933,14604423,614696,367249,387,5464697,7469,74536,24403,79,1220705,463,1084,308,44023,158,89,481155,8398,7876780,14767,64732,186,527,821,275,19979,1986
"22","MAG022",2,1528,50,1716,68781,932883,233471,6457,1115,353,308,723,46,196,421,194,1017,340,2053,1306,250,1373,4341,154,755,13159,283,752,1381,1905,65928,2532,465,225,126,330,299,1198,420,8333,1905,1061,338,109,680,873,1880,791,14334,1477,1003,957,301,3627,2346,1000,247,27306,792,740,12607,1392,748,923,1678,14838,15014,3115,477,1906,1087,415,412,27425,15019,4359,1040,1605,6270,603,416,298,332,595,339,1078,510,18382,208,364,339,13276,5882,192,386,519
"23","MAG023",45,2,1,54701,20,10,34544,621858,5,526,4864,204064,199,264,193,330,49567,21,2,43629,68837,395,62,7511,11085,25,3,806,49165,2,169,8,29556,4205,13813,873,60,1662,17441,13,7109,11367,15729,42,1,0,11,25952,59,0,147,53516,2,6,844,216,15,88,119585,3,31,47,5,32616,1,19,13,12531,74256,21,1,2,5974,5,6,20,39370,15,8,7524,9319,69536,313,110,14771,847,29049,81,8904,23375,71272,570,862,1,14443,45683
"24","MAG024",5,90065,27,27058,31989,3716,9707,235043,2381,8476,4142,2749,4,154,305,886,290243,3241,146318,2758,1913,444,6825,407,4365,1928,1635,4788,38273,78754,14538,17780,13208,5206,1188,8820,1111,786,12572,104671,3203,8372,761,14,5001,2465,11245,136119,3095,45463,3790,7462,551,2624,3811,15842,3530,3009,12391,8621,2858,221544,5283,52466,36614,2266,69598,109514,25102,2624,13354,786,3535,500175,40816,16640,357836,1829,172229,9443,8543,1377,2413,15397,7952,2167,1191,3056124,3367,1972,3413,21186,19689,7041,529,1118
"25","MAG025",264,290,0,3107,1777,782,3200,223786,779,701,1285,640,1374,113,142,345,1292,307,1056,209,421,228,164,27,721,2511,711,327,402,230,5933,342,79,219,109,151,1231,914,133522,4891,1212,919,467,121,132,158,520,316,3140,851,596,238,41,793,2967,973,81,1529,6154,209,7055,679,554,682,121,2652,2887,721,381,3496,152,226,353,3980,163,1583,19581,233,2176,136,151,877,58,83,385,1673,357,4125,467,301,293,532,1195,77,152,256
"26","MAG026",5480,9506,22,233214,142343,19199,28127,27709,12251652,12974,243138,52639,1765,450,573,1490,47979,274,42501,64614,99366,934,619,14579,15390,88298,3183,21084,75034,768,9244,3947,71858,13722,17635,6279,2028,33397,54685,87861,31097,13767,43353,95,5371,16139,3457,55037,85859,6741,2135,70278,202,4494,1000,318,56,7472,170413,1291,79436,620,7676,125178,419,88615,84787,27202,116411,126536,5501,7071,42774,40193,169,8922,38845,350,83874,6302,7058,87324,292,91,10682,7421,28080,53551,29057,19342,154861,19285,35381,2051,3584207,42875
"27","MAG027",65027,22390,13803,51672,22160,2670,475,34749,9060,1102569,105319,15249,65,115992,81554,140460,81959,23,89,2267,6182,55326,79452,42881,131688,270,30065,5036,2158526,80,4352,7415,110627,80096,66921,873827,927168,1013519,90507,16,11125,116990,337612,111,782,7234,70067,14561,441,833030,230692,1823703,26,586,441356,1722315,4566,16596,8125,58,54,2674,190219,40737,12,19,43,66017,569576,1334,178789,190448,9215,2180,13259,130684,155854,41,23615,41553,92615,67372,9312,36400,73097,167794,75700,1560,68159,1870380,582493,4868,9636,67074,18892,763812
"28","MAG028",131,22414,16811,13265,812,73710,61374,13733,411,3897345,4422,5737,7036,1414,1054,6432,6005,83,10299,59910,11480,72,717,7057,5603,3906,52858,22218,10326,456,10751,9900,6140,3269,6625,1101,1089,8379,8524,2698,15459,24734,4339,29,26872,18403,15765,11278,2536,16527,27706,18120,198,491,10826,10012,111,6316,7926,874,2229,6163,6725,6075,483,2225,2577,13897,15953,2813,2770,3570,7933,5150,6537,7571,8908,350,3321,18886,8840,14218,15715,10321,8201,9105,6008,7702,16264,15926,10412,2844,5023,432,14594,15013
"29","MAG029",13,30,0,46004,23,95,15778,17797,888,249403,7007,15758,2074,310,237,887,16195,4,3275,22759,19571,32,31,12060,5186,13745,78,735,32278,7,1419,665,13616,2791,7428,20,68,2328,12612,10206,31614,1518,3993,4,0,40,97,15839,13687,16,2924,47303,5,13,1779,501,35,223,41343,14,12821,342,1113,8518,0,12966,12580,21843,36783,12467,728,546,28622,7319,84,109,21325,20,1222,3457,3343,33792,131,186,31522,3079,39326,8959,28208,24187,23204,628,1157,147,21326,32194
"30","MAG030",107,558,130,273,124,21062,282,1527,33,383735,38,47,1386,509,761,17290,880,70,526,228,313,10,336694,268,61,2064,580,51,290,15,46,48,117802,774,257,92,897,345,415,40,909709,7033,1935,222,113,151,312,146,102,391333,64,84,53,60,79,167,22,48,70,744,1176,12671,619,374,110,11,6,144,363,55,11317,15082,473,16,452739,7136,4135,174,1007,16715,912,940,33,480,85877,11601,3965,7,5437,410,365,159,2413,137205,615,155
"31","MAG031",2,5367197,0,246,12,44,106,631,6,160531,29440,33,462615,134038,274182,344936,137818,1054,3,65,44,7,3,1697,219,7,1,523,6907,10,427,98,34,93982,12468,2,1,3292,102,2,1,23088,57,0,0,0,12,22657,30,276149,12,82,1,8,65,23,9,9,7709,8,10,160100,176373,120,0,7,1,9937,171,3,12,41982,22410,297,32,18,3325,0,104433,437276,1704525,214,0,8,158,13,24785,214,54,246,89,4,41,0,3968,1072
"32","MAG032",76,881,11,1140,2881,19508,795,493,63,653,66330,15180,39,873,8816,10461,948,17912,259,445,465,9,2387,2257,6440,74449,3561,69,369,690,467,1895,3265,6009,1226,415,75913,955,1149,23,1513,42758,339,56,1507,23176,112527,951,12,10118,450,181,42,315724,44,83,16,220678,263,141,513,10872,26343,725,41,10,107,71685,561,21495,237,1887,2169,12322,2294,497133,3175,236,2599,13935,583,507,15416,932,7682,871,2746,6216,13290,7888,461,11599,52641,107,1806,7250
"33","MAG033",1651,393,14,29309,12,23,218,5973,16,65923,274175,8762,35,1090,671,44355,1255,12514,81,578,61060,92,9479,1535,27868,997,64,966,37188,4,95,102,37247,34286,24054,19736,33203,115341,49258,6,134125,9057,35140,6,0,178,3048,11664,5,114429,623,17774,1,13,960,577,417,1632,60621,7,26,86,118416,176475,27,4,6,2695,80595,8,14309,171282,12305,67,12,3787,80380,6,1,36354,39959,46198,3,20,1570,14475,98375,33,1604,6380,33963,226,475,0,87534,33918
"34","MAG034",7,55673,1,409,371,181,367,3385,314,7601,201662,149,45082,15358,17549,249182,4941,45,1193,582,210,14,37,185439,353,4985,164,85789,464,56,4498,812,86,11412,4942,29,44,377346,312,3617,215,532,50,0,132,172,251,8651,4731,12331,156,250,1,294,356,160,1670,548,513,48,4501,8257,3840,299,24,4977,4753,1004,76,4565,199,322270,43738,2195,24,594,21080,4,7348,31486,17226,240,14,4,166,505,231686,3873,150,300,240,1018,1680,96,163824,342017
"35","MAG035",138,75,2,785,79,3,942,276,91,5028,803,1868831,933,45,12,85,163126,102,180,2709,1240509,43,6,1037,585,270,10,145,475305,3,100,42,41652,2973,29105,37,28,1216,938492,68,36,889232,285304,63,1,2,248,1076714,178,5,295,1395,5,5,661,60,2,83,1818463,0,78,73,506,843719,1,148,35,453,2055,35,471,380,907,28,19,372,2230251,15,207,1836,4301,256141,6,4,239,380,239649,148,749,985,1491619,1156,1775,169,793,2713242
"36","MAG036",0,347,0,1584,1412,147,2768,7401,64,956,4438,91815,3,2,125,13,687,2,9923,7917,301,5,215,25123,52390,12,10,94,316,1,584,7,1088,96,139,3,7,203,2097,470,397,9639,1845,0,0,1,3844,368,14,125,321,6256,0,515,11110,3114,256,2997,3140,3,23,224608,4729,593,109,7,201,2381,125631,11,42,31,14864,30,496,5846,186,1131,12821,2523,836,211,0,1,0,46,1281,97,298,37630,446,16,109,1964,2024,811
"37","MAG037",7376,659,11210,23175,23,2,1692,30021,839,110137,55192,690570,114,119226,90222,203948,263257,11,506,12470,306158,166,11006,13217,15094,502,34248,2691,183986,6,263,7,23888,13533,48756,20947,15451,53994,115675,3,812,100785,46843,42,1,37,7994,139881,20,135980,2317,30048,2,4,866,1157,47,161,227195,2,17,59,19070,147444,5,10,24,33321,34670,12,24203,22521,2524,17,44318,13340,175469,16,5,3246,14620,654377,9530,155758,14327,25180,90345,141,13276,11970,164809,1009,1703,2,27300,119864
"38","MAG038",148,14,7,4152,185,119,2266,2733,50,73,524,96422,17,14,20,66,2613,3,5,14112,11394,1422,250,1584,661,876,2,5958,37889,1,348,59,410035,14535,19343,541,3165,749,6667,458,2266,631,452,13,0,17,41,9244,936,29,263,641123,0,9,2856,818,135,621,9386,1,853,43,171,6005,25,953,832,987,1880,146,1190,841,3907,444,8,177,4216,107,9,505,362,61630,11,15,1686,1264,3393,553,977,1264,6748,372,614,353,2072,14889
"39","MAG039",4844545,3352,318,409254,91,296,384,55726,143,4497,98195,6115476,2537,101,241769,200901,101063,65,54,258,1783370,11604753,2350667,11017,12634,135,626,1853752,787340,471,975,818,1354315,92955,2439012,3830685,4165770,1806562,836482,98,66,2134,2048380,36,4,108,1614,2792896,260,3519,887,1818534,117,392,670648,73174,633,2566,1360477,127,195,36,5304,306937,4,854,1844,580,1067,794,2229,3093,146064,174,68,2828,2146,466,573,1052168,3101253,515615,90475,4417,1052,1688,2971863,497,2978,5079,1072544,2805,4144,148,1100,1831
"40","MAG040",18,153995,32,11995,108106,12934,12403,33544,1344,14398,165070,60370,1053,613,507,30791,17090,167,168093,4378,2167,598,9641,452,125218,1304,2905,1062,27293,28521,18931,8889,9346,146314,46620,13502,1310,27198,340820,154343,18601,140475,3735,765,7379,2782,367299,5214,2673,17900,58337,8958,1185,10425,8668,28830,6210,13082,16331,12961,1644,141122,7472,37999,62991,500,114715,173412,2250,9118,22234,1742,91198,750485,62171,372941,116409,3460,366699,118052,8849,1981,3833,24174,13850,5070,2030,993119,30452,38036,4808,32518,31837,10289,14525,31541
"41","MAG041",383,8,934,74962,23,9,27112,15417,1576,114,4566,170437,60,11,16,428,43360,8,3,29639,281692,3,10,14815,13502,5,2044,67,33332,10,312,8,20706,4950,10841,61,18,1277,15113,5,9683,92,9253,13,0,4,44,18686,14,0,34,78150,3,54,2019,553,37,191,137829,3,9,1,262,21034,1,8,12,12903,98967,3,5,104,4469,311,3,20,29610,35,4,2900,2590,89128,89,224,37591,889,12027,131,12393,23405,32911,697,1171,2,26735,42402
"42","MAG042",601,7,0,79270,10,1,9,127,1,424,36,122898,127,0,1,49,54,2,1,154,158607,4,105,116,30,194,0,1014,460295,0,10,1,87,183398,301743,557,5,232,158,1,2,85,126,4,0,0,618,22258,6,2,16,77,0,2,418,0,5,3,29,2,4,8,5,387955,1,5,3,2,74,3,23,1,451707,12,14,17,170,1,1,89,39,969741,15,133,16,2,185,176,10,31666,214,863,1664,0,48,175
"43","MAG043",1263,36056,1025,226,8466,256,163,1615,248,2269,1179,88,3815794,627621,1714,2298,2077,55039,1141,284,303,131,69,1681,1510,1107,894,362,690,177,1810,1361,314,689,173,216,25,2825,501,5994,77,362,62,7,4555,4263,644,557,1148,3783,69,132,328,8,504,416,23,20,212,109,1802,2327,1171,157,1,1172,1028,272,198,1017,115,892,1910,1620,97,456,11343,8,833,2557,9269,391,582,358,297,291,8366,603,861,828,205,4726,4870,619,396,1057
"44","MAG044",36,120,2,132,808,119,25,5708,0,13,42,67,10887177,796989,6,144865,746,15,123,298,142,26,2,384,201,12,3,6,2780,9,131618,408982,20826,3587,9379,1212,323,137,116,60,15,775,55,7,0,3,111,91,20,130,20,113,26,17,3374,926,71,260,376,56,52,1683978,11983,180,0,7,4,5,197,15,0,7823,654,115,15,70,182397,7,701,144144,71,216,6,0,42,15,738652,19,72,201,303,133,273,7,76,2026
"45","MAG045",177,167,2,330,47,1,163,332,4,2271,664,406,158,2728,1849,1134120,1239,186,2,194,1218,5,689,29,1092,113,17,62,3191,1,518,1075,22584,1669,79110,62,65,1530,1198,19,527,1981,669,3,2,14,436,35618,26,108,105,217,0,3,400,92,193,885,910,1,29,21,1525,13074,2,16,1,98,378,10,2245,2410,380,9,11,1516,2265,6,3,69406,443625,166631,2,2,1266,2120,960,20,29,11037,65034,144,369,0,87,773
"46","MAG046",34,4161,742,5822,10,18104,3968,65084,0,144,294,1595,116,45,5250,161,57011,266,7832,64207,102,3,78182,223,27269,53,2610,63,3933,50,73,113,333,215,131,330,8970,46,4807,31039,1454,650,578,1986,4821,12307,2460,2029,46,23015,564,2051,26,5339,849,682,133,208681,3222,2482,355,4216,1181,1493,537,5,1058,1630,1669,4,50,19,9604,47719,7784,4705,1428,69,147283,346,2811,742,1445,2511,409,29,301,35,91,1232,288,5119,411,140,2086,5827
"47","MAG047",163,24303,4038,19634,132198,114840,30032,31776,27761,18509,12586,6137,510,23079,18226,1045,9077,369994,34539,4123,2025,501,47390,120,13698,12200,13980,1405,3495,240185,7285,6198,6597,2268,144,16533,3406,494,3571,14509,35576,22464,1481,1212,1296,11623,118167,1051,78520,65464,8972,4677,49003,333347,5925,6692,5699,152336,3768,97890,9178,17185,4775,1983,189564,36,11134,5593,11676,4966,536,16231,1724,601418,8649,150397,11478,48585,150772,2188,3536,922,3001,5193,7895,35447,4249,103559,368,12113,668,107275,464831,6086,5544,4825
"48","MAG048",25,42,747,3600,63,11317,3206,33394,21,252,161,770,2,23,3364,12,7849,176964,89033,45726,95,15,30231,78,12386,1368,5834,52,3085,113,140,111,286,3,41,1743,8012,39,1730,190097,1009,78,184,9391,23207,31185,8073,1718,857,42191,65,1396,43,2643,409,127,44,82739,2235,10798,1523,1716,509,808,73,45,45,128,1046,558,6,25,5536,20911,5540,11733,806,276,158418,11,878,287,1181,1482,392,22,90,250,41,1708,209,109337,7108,7,1131,2657
"49","MAG049",225,7604,14051,4419,97,929147,53890,12119,4,64667,1535,213,1806,428,386,3617,4068,152,6752731,321908,5287,4,8,3383,3659,868,66681,10132,575,2,22510,22890,6954,1202,3061,36,4,123762,21593,12,9835,14909,1296,2,17577,12277,16894,522,5,12172,17200,499,1,7,9041,5903,14,2157,1951,11,12,3115571,363263,37768,1,3,1,817437,5793,316,3150,3143,60073,578,2373,6312,3205,10,170,4871,13139,802,22498,14703,2526,27452,1622,1,17943,15008,507,63,357,389,143049,27672
"50","MAG050",610,2564,17827,7956,10963,93792,7011,10617,3690,4280,3922,1707,8255,2215,17919,14758,3191,63919,144916,15186,2323,3889,112050,1449,1420,136704,142219,2388,1692,2454,15013,16329,4137,1117,539,2567,13974,804,5036,19944,21574,10239,1283,87,15231,111620,11439,3193,22347,40984,44363,1400,602,1315,2012,1977,227,1016,1046,5007,37993,18990,6551,1797,1396,21047,22809,9548,2195,65976,1388,2029,6236,46919,21980,15019,2487,623,13751,3277,1844,2375,35464,4959,16823,4412,1374,45651,11552,9661,993,77542,121588,80279,3673,1596
"51","MAG051",241,280,1470,168,16,15822,5904,248,1,2582,372,86,17,13,11,658,110,3,824,1526344,888,1,20,50,590,5983,859,381,476,11,182,258,465,785,608,0,2,761,461,17,1454,1378,229,13,3110,2579,1702,540,3,180,510,78,8,29,54,75,18,47,416,21,9,50,1917,753,8,1,0,342,604,3,699,618,92,290,126,1216,1440,17,2,733,155,352,28,30,238,969,300,4,2768,3855,415,18,230,33,194,1154
"52","MAG052",355,18,0,1812,146,110,622,1013,33,120,122,210,16,22,6,7,699,51,248,206144,1958,87,32,82,190,574,3,124,480,30,728,122,336,74,153,37,20,100,345,39,8,200,366,0,1,13,1933,183,667,12,296,145,20,41,9776,2705,207,979,120,41,658,256,159,590,1,789,700,52,112,3,1,7,389,279,49,385,1164,164,122,35,91,840,11,14,2,52,74,854,62567,32530,713,3246,4004,116,228284,524
"53","MAG053",42,216,0,12463,16,18,29803,33964,692,788,439,14857,36,4,124,555,67791,6,3055,61461,313437,55,122,3092,2612,14816,10,183,22701,15,2253,414,15110,2405,37027,9,2,284,275584,163,257,1853,20882,11,1,53,639,31499,16156,44,529,37732,1,84,3917,989,83,387,15843,13,15480,317,664,55364,3,18000,15900,13322,27398,2445,594,295,1019341,6318,437,1922,41616,373,4441,785,1012,59649,47,39,5749,1752,191821,8352,6890,5263,35988,1771,2575,729,20743,313888
"54","MAG054",3,7,100,47765,9,6,998,76990,1715,168,1268,15041,19,6,96,56,59021,41,0,2050,370280,8,93,519,84312,7,228,280,15432,9,208,76,2365,459,7613,4055,226,1002,3353,2,40,97953,82428,2,0,201,27,13666,42,37,107,23128,23,1,1445,442,31,114,30912,2,7,410,34,16931,0,2,2,2696,677818,0,0,8,52923,272,7017,16,107391,1,3,415,367,9974,10,12,365,1128,2421,397,6311,32948,22079,152,318,3,2864,48740
"55","MAG055",18,21,214,2630,39,24,1949,2877,7,73,545,4189,18,3,27,69,4345,4,3,1230,375646,22,7,995,416,22,420,30,4347,0,64,8,2173,307,36281,38,17,309,2806,7,151,816,815,36,0,0,13,126677,38,3,443,4334,0,6,3061,595,44,181,10268,1,24,10,11,4569,2,31,35,1623,3042,17,74,90,832,46,8,11,7102,9,19,255,435,270047,3,5,771,314,3792,335,833,1998,204251,2289,3537,6,493,6976
"56","MAG056",316,176,0,31539,14961,1899,5698,14656,1148,5015,2408,7510,1736,544,182,336,6820,97,1625,8896,141959,294,151,1588,5476,9708,197,519,5213,218,1803,583,65060,118,1223,79,149,559,7652,582,315,1561,2164,14,193,377,583,8449,9839,512,7870,13416,32,452,12830,3717,295,1485,8822,71,10117,715,743,4712,20,11839,11030,3254,14535,5223,1062,1070,1980,5299,75,831,13699,113,2382,678,1847,63222,281,219,7469,1558,1728,5869,1956,7559,12745,25630,25056,68,3546,68239
"57","MAG057",469,13,0,84007,0,7,6360,1847,3912,541,1645,83144,7,1,5,15,4301,3,1,175404,151566,4,7,266,675,9,0,500,7012,0,9,0,7889,3622,2812,26,8,1579,5571,5,1865,551,1292,2,0,0,7,57016,0,85,34,4441,0,13,85,20,1,9,67822,3,0,51,178,66121,0,0,1,343,8679,0,3,23,17374,0,9,4,5013,0,0,742,371,77595,5,3,67,14,1338,13,2520,1482,36314,65,96,0,14922,7531
"58","MAG058",63,340,1,2253,25,0,571,1245,2,7684,942,11156,56,2623,1982,899,36806,3,4,23895,480878,17,485,893,915,342,6,339,11096,3,26,6,9095,3851,37977,187,115,2470,7267,8,295,6302,2338,21,1,1,300,8730,8,12,360,3363,1,10,1349,124,251,819,10866,2,12,30,380,138795,0,3,6,3154,4400,8,1332,845,1055,11,14,885,7660,2,2,2119,955,52441,44,569,704,1161,3125,411,651,764,159177,2460,4131,3,959,6717
"59","MAG059",26,2,196,11619,18,103,3018,3054,270,29,2368,4582,308,21,32,95,4798,22,4,40225,822023,28,8,1665,1697,38,418,442,65940,8,76,21,6194,605,97580,127,6,302,3279,28,1658,836,750,42,4,2184,405,7417,53,112,1,7569,8,1084,434,85,0,258,14302,26,42,20,656,8627,26,38,17,2973,5157,24,937,753,2455,10,21,998,6540,20,16,459,401,1644574,7,9,2006,1168,210251,117,3350,2848,169779,760,1364,8,2812,45662
"60","MAG060",63813,1051,3,1331,7,0,1,16539,3,2,3843,8233,103,4,1507,3364,15215,7,45,227,429949,79720,130704,94,307,50,5,18672,9635,2,4,2,22443,14979,16421,575560,89431,402467,68509,10,2,27,27226,4,1,0,10,12793,6,1,4,4805,0,48,433,66,6,51,8302,11,4,1,3,15595,1,11,4,0,6,3,0,6,1672,0,1,1,1076,0,0,7778,2505,3212,139059,133,1,0,16531,2,9,36,4259,52,83,1,61,233
"61","MAG061",15,1,305,1319759,0,15,5355,3605,3994,1555,7801,3740,2292,183,32,3308,26534,1,0,5646,218772,2,0,3154,2191,0,674,203,4388,1,92,73,3521,3721,61264,4,2,1585,5658,0,5631,984,377520,1,0,196,52,100176,2,4,11,14642,3,1,741,173,15,79,32047,1,1,4,6888,112822,26,0,4,4430,18699,0,627,646,8452,344,49,27,6904,0,0,1409,1329,13281,33,85,11591,1394,1954,20,3505,5285,285171,65,225,2,120011,13102
"62","MAG062",1621255,625,6,2479,24,0,14,5132,2,6,11555,11096,237,7,24665,67887,14250,2,0,199,13902,303057,2053096,996,1327,7,1,1452200,73001,1,31,13,57550,30772,158357,2546620,2674071,656417,126047,30,67,9,35871,13,0,0,8,13098,10,3,1,35909,0,38,30216,2257,24,75,8602,2,7,4,3,138955,1,29,7,2,42,3,26,26,1962,2,45,4,36,5,0,1635189,43340,36685,7586,125,2,2,5409,121,6,30,5780,1080,1357,0,174,75
"63","MAG063",114,1619,40747,22840,72,15033,8380,17852,697,5328,3702,7498,11431,1406,539,10159,7840,312,4436,29837,10500,274,972,144456,196541,6965,21530,6743,12639,20,44563,41955,13810,1892,2518,1939,2088,5764,6471,4960,1741,9456,4652,1,51768,32189,28690,8334,6665,2407,34990,24766,8,32,1251,3084,15,1629,17450,124,6124,10907,10862,4852,3,6302,6091,2148,6716,6893,6487,7251,283715,2534,1278,22293,522640,6,714,2349,5620,14855,37976,24268,50630,10315,126271,7062,25736,30774,16389,26714,52261,4048,9680,15723
"64","MAG064",1543488,7545,152083,337910,9299,2761,9579,157618,1730,772,69767,114081,468,17,297642,140508,153716,23,1309,25368,850901,1320441,3643070,4002239,1983667,20051,12970,2523096,242098,5,299347,171700,213349,3741810,1562998,1038846,2000279,353260,2364390,8781,25050,7137,386478,30,137799,103820,87436,3977890,15605,19,33646,1691698,1,376,7450,785,57,238,1507214,71,14485,91,7919,1935991,370,17708,14431,1616,28263,63,3629,3270,330693,5850,62,61073,7552,28,453,353545,50108,96557,444857,120985,60802,37928,86610,3146,10591,15354,37828,1022,1397,153,13610,12447
"65","MAG065",15,381,15588,685,800,88,1303,2241,2575,435816,1113,249,306,71,49,1987,336,18,8008,593,46578,51,104,4989,308377,37165,8017,141910,20033,133,40630,35806,8683,2079,5515,16,0,9763,19891,23221,458,7178,2523,0,13378,9460,8362,620,37087,25072,602274,16272,3,79,3158,878,74,781,8528,168,83655,426,3435,56343,79,59151,53178,4304,30474,55014,5963,5514,8291,20434,73,5973,1071,55,3274,532,951,711,14987,8443,241,8035,4300,25723,7679,2868,4901,205,440,41,3550,17199
"66","MAG066",164,3,0,7555,6,11,843,1526,6870,1789,2163,91940,24,0,3,43,3525,2,8,5993,8524,1,91,493,565,601,87,425522,44370,1,11,3,4676892,330108,124762,10,73,3129,6755,11,2116,1260,1673,2,0,6,215,35645,5,2,329,3031,6,0,967,290,15,98,6664,0,4,4,392,4901,1,9,3,159,4425,4,523,558,23794,2,19,466,2825,6,8,366,131,71820,4,12,1695,569,2138,19,993,2638,51418,104,301,21,15671,3370
"67","MAG067",12,0,0,1216,1,14,171,223,3,123,173,437,7,1,1,16434,273,0,2,2021,2629,0,11,11,190,22,0,307672,245787,2,33,20,52293,253,106236,16,2,604,1872,20,5,70,876,0,0,0,151,1827,1,3,22,576,0,6,14558,4227,261,1307,3613,12,2,5,19,62825,1,0,0,235,306,0,65,82,276,17,7,257,798,49,3,203,54,1292,1,0,3,7,304,2,108,100,3370,123,240,2,2159,643
"68","MAG068",14,0,0,10492,1,1,3345,362516,3,237,3115,47176,16,1,6,23,9375,1,4,9515,8974,2,8,1284,1092,72,1,168,128185,31,37,2,11613,1860,2777,72,5,780,4372,26,24,869,1341,5,0,2,193,3530,37,1,17,50027,16,11,1206,338,17,134,24352,4,41,35,338,6408,0,37,26,1253,6317,1297,565,537,9011,48,3,311,30517,0,8,211,176,9229,1,6,1293,651,9648,36,536,4047,29744,169,237,5,3497,9532
"69","MAG069",12,1,0,52079,13,0,35370,118098,30,231,4872,83860,117,1,38,132,37837,8,1,29841,195171,11,7,16124,10774,1152,5,402,165645,2,525,278,121468,4385,32769,28,13,700,10166,8,1413,6672,70326,17,11,956,330,15431,32,3,47,39128,1,1,1637,323,18,94,81264,8,17,13,809,25494,1,12,8,6708,37493,7,961,1017,5847,13,22,721,18662,4,3,148276,116619,119533,28,65,10528,1441,101615,218,2751,29605,188146,1376,1975,2,7034,43721
"70","MAG070",4,379,0,4659,303,101,1855,530,56,554,1230,2844,22376,4205,3987,1117,769,21,520,1805,2097,1,46,389150,93,703,30,983,259174,27,7146,175,1687,9066,7503,144,64,4827,5667,1183,248,1063,3425,11,213,247,76,1802,734,633,146,195258,2,29,4441,1498,128,449,87632,42,725,768,254,86681,2,764,783,615,15751,1041,115,1068,56563,1729,102,196,336268,203,1313,1155,765,2029,39,30,277,128,269072,2535,1500,1318,3607,999,2211,106,2775,469015
"71","MAG071",1,538,0,198,19,479,83,1590,14,375,392,320,2507,469,45,375,1373,46,765,816,238,72,27,3721,6068,301,8,127,78784,238,487469,253720,444,31,52,20,7,662,174,404,1465,1776,35,2,0,94,559,146,401,230,81,955,201,57,1691,643,70,159,36,77,395,298577,99,178,59,309,418,2462,724,271,36,87,2499,721,129,668,1666,47,383,153,139,92,14,51,26603,53,71417,8998,29113,284488,192,78,66,194,6357,1051
"72","MAG072",3083,3498,6,457,43268,305,373,527,177,37,96,158,4250,1733,178,48,858,42804,849,117,473,83,351,27,91,606,268,56,86,401081,1598,2664,6642,22,16,49,33,27,133,2658,22341,301,369,10,304,1865,431,43,1446,2164,109,87,404274,64,16763,285415,4438,591,46,142,2671,1805,173,135,326,648,630,1766,57,782,94,115,44,568,63,1729,203,274,106,86,102,156,1070,33467,123169,403,230,11883,1275,395,191,44809,66045,35369,161,164
"73","MAG073",488,790,33,16160,26,67,5826,6779,1171,326,370,15547,21,18,25,215,4116,4,6921,9177,16381,485,150,1151,2192,31604,171,258,6319,845,1939,976,176840,675,4429,1238,1434,1511,4330,250,107,449,1252,2,27,75,106,8065,30771,495,228,7981,0,7,7473,2252,124,800,11231,22,29041,1595,922,9345,43,21295,18207,8465,6466,24472,789,434,2187,8321,63,205,16056,83,940,563,398,15220,98,132,2374,428,1641,38733,2692,2602,16498,578,1467,258,2978,15505
"74","MAG074",732,302,3214,4584,40,4,170,27487,3,26461,10728,701,10,70278,50461,20024,10735,6,11,3277,1550,147,17856,15127,18094,118,8110,305,4111,0,347,52,192263,5806,4642,888,705,3059,1399,1,5009,5787,3981,0,1,4627,10963,450,4,21141,347,3411,2,5,1151,2724,534,978,3592,1,39,8685,16724,8878,1,2,3,6349,3852,0,9092,11406,1038,7,6203,16529,12199,2,4446,10047,13688,2558,2543,33518,3622,9012,6195,1,1917,6160,12300,74,3069,16429,13609,6588
"75","MAG075",73,461,229,237,144,59,355,9199,2,1413,178,63,52,16,52,2174,248,0,462,400,484,4,293,722,798,796,1136,68,546,7,98,1080,408270,70307,494,2,65,1023,283,1,875,693,322,11,2,17,291,406,6,68,109,51,10,36,316,584,147,268,307,7,93,3093596,1896,513,9,3,1,630,830,0,625,3869,189,16,552,1106,1247,17,79,3406,378,1012,182,799,425,683,387,2,875,699,382,191,6517,151,316,432
"76","MAG076",5,6,0,180,0,3545,443,65,0,6467,24,94,2,23,5,19,36,0,12,1036,249,0,15,16,25,59,408,205,275,2,0,1,44824,146,172,83,3347,4343,220,0,440,63,39,2,0,3,7,89,1,2257,16,36,0,2,1229,383,32,132,134,0,0,5037,27,308,0,0,0,61,56,0,0,50,68,8,683,19,215,39,742,15,19,127,0,12,0,99,62,3,48,383,390,21,160,52,1551,284
"77","MAG077",32,200,111,43,100,304,132,55,0,180,477,40,21,15,9,17,70,0,38,100,140,0,33,11283,1205,87,252,32,98,5,245,53,231521,9716,174,3,8,2179,79,9,170,1266,62,3,2,6,180,39,7,68,14,24,4,132,100,172,53,130,29,2,49,6944,229,62,1,0,0,222,197,0,109,3742,100,2,65,116,114,7,2,1945,116,94,1,2,109,125,68,0,353,340,196,189,8827,18,3021,63
"78","MAG078",3912,17416,7065,4563,25,415,133,5713,2,528,12727,23900,57,1905,1594,4647,4869,21,15,318,2696,24305,8250,2622,13393,481,16294,1243,21179,0,7894,16545,46672,479121,168743,3738,3983,13278,2498,6,25391,26838,11911,35,0,10155,4995,2240,10,21,903,1464,5,50,16632,24362,7892,17799,554,21,11,72,18087,5619,77,5,24,13825,10358,3,41124,39308,1956,10,516,11532,9527,8,3,3571,5573,3332,617,5177,7207,38534,11796,280,183,1834,1425,1846,2756,0,1689,5796
"79","MAG079",513,347,1,8115,19,4,139,691,28,9032,860,3209,97,170,109,136,1392,6,329,1349,18808,52,81,46,841,189,5,589,1464,2,7,5,2160,431999,31162,523,2134,289137,71357,3,4,2155,1924,1,0,1,645,22807,5,5,538,376,2,4,1361,388,57,222,824,0,8,12,1361,41024,3,9,3,434,5813,1473,1283,151827,1015,5,4,2393,3729,4,8,1808,140,73239,5,76,381,1204,79958,41,266,335,12138,243,474,0,2465,2026
"80","MAG080",3436,9980,27197,13575,323,3005,4746,11330,1023,2154,10634,33632,5651,1381,2165,4748,38462,1510,2324,17569,34900,5803,2272,7038,5874,564,13874,7191,36770,41,30966,33234,100925,926380,732444,3704,1712,11095,416753,310,23869,32579,14540,8,33302,21914,20803,25382,221,3053,24400,11094,33,37,12406,7834,2955,9360,62811,10,274,2182,14951,27097,0,203,237,7512,27078,1261,28385,28322,8955,131,3169,11668,35423,45,250,6709,5351,37462,22160,14041,15510,26900,19845,431,21478,21294,39486,4463,4687,6394,19345,43120
"81","MAG081",793,13255,16236,41136,56,108,14031,20703,7043,23108,37609,39035,315,35965,22126,2811,88127,125,2727,67349,102097,46,49,9555,10105,862,2606,3687,110163,2,51022,35801,30793,513732,50497,7911,1150,55845,131170,190,30205,30668,26253,9,16189,12565,7986,77711,19,183,6060,70875,6,49,1113,238,31,111,144950,26,35,117,1334,57076,5,35,9,27690,204350,15,98,12794,30235,220,54,703,88358,11,13,5251,5965,104777,4043,2545,26874,3772,49855,436,34605,15417,90820,4208,6102,2834,64777,81913
"82","MAG082",38,5,0,390,10,0,85,121,0,3159,170,1341,8,0,1,254,878,1,0,1314,2736,2,165,172,93,176,147,264,1469,1,528,474,2724,218734,10962,1,4,1818,2972,3,3,1008,873,2,0,1,85,2008,2,4,538,483,1,2,39,5,0,3,1546,0,3,12,157,2720,3,0,1,35,1159,0,23,70,772,3,2,374,2390,4,19,305,180,2380,333,201,259,129,178,6,535,474,3236,53,238,0,12506,1098
"83","MAG083",291,11,0,1979,3,0,8,113,1,38882,235,249,43,2,0,31,538,3,0,737,11987,1,2,30,146,105,0,110,1797,0,1,5,1675,53690,27888,3,2,7051,4279,0,1,8599,2433,2,0,0,17,6480,4,3,1941,929,0,2,90,0,1,3,2650,0,13,23,673,3754,1,1,0,0,7138,1,52,47,264,7,0,37,13696,2,1,4997,10,2556,0,1,1,44,120,38,4,48,3529,195,321,0,21,6231
"84","MAG084",18443,56,0,3177,10,0,4,1667,12,496,2930,7210,329,22,11980,1701,16526,36,2,26,9170,28150,13784,8834,4184,139,6,12212,103287,0,162,5,3912,524178,449938,11431,7377,4175,248282,7,2,127,8387,6,0,1,9,14890,31,0,24,14006,0,40,602,9,5,17,4021,5,7,2,5,6501,2,52,13,2,300,10,16,114,110,15,5,51,229,3,1,4244,2020,1028,42165,963,2,8,2137,224,39,46,3995,1810,2573,1,0,190
"85","MAG085",11412,110,1,104,1,0,2,1545,0,0,49,328,7,0,205,284,2875,0,1,67,2838,4875,1490,0,75,3,0,4243,2844,1,81,1,229,62,97392,5771,5318,2360,1926,2,0,0,5178,8,0,0,3,1280,3,0,0,696,0,32,616,82,5,26,680,7,2,3,2,2841,2,4,3,0,1,2,0,14,21419,1,7,5,0,1,0,3121,696,870,44,0,0,0,1493,119,2,23,457,1013,1589,0,1,63
"86","MAG086",739,18,1,16125,131,604,1531,81219,109,264,24834,53612,97,24,16,83,1929,2,1727,101604,9025,794,1464,1632,13415,1610,115,56991,1765,42,1038,3946,2841,3881,1459,287,1626234,1896,4541,7,25,164846,19126,2,0,14,4686,7168,1670,44,4167924,1898,17,134,14958,4434,314,1622,3364,12,1630,1346,21233,2377,8,1744,1571,3713,3251,1883,58,62,168273,1073,57,35324,1738,92,28,3690,12167,4099,212,130,88,114,1071,2056,10298,22545,1074,12113,10917,13568,157720,1423
"87","MAG087",33076,250,1,2714,4,19,7,2455,455,0,9773,32997,12,0,5569,306,4219,0,0,355,39649,36966,11112,2681,1223,5,2,11317,3284,0,51,1,4310,2340,13273,35906,312451,119217,21511,0,0,1,10408,2,0,0,21,9229,0,0,16,6015,1,106,588,162,17,54,2039,35,3,52,1,14014,1,3,12,1,9,3,1,0,10152,0,1,10,20,8,1,12023,3711,3113,8817,227,0,0,3235,4,23,23,2978,44,57,0,9,85
"88","MAG088",438343,6056,25,16479,24,2,18,75034,18,17,50757,90235,122,7,75076,42120,111595,4,13,258,483848,139913,57504,26605,30503,61,1,1032393,50450,241,474,10,30967,80180,332484,1215268,451409,1870900,1396679,68,2830,19,231436,7,1,1,5,194592,66,5,32,109678,2,101,2666,374,16,81,60363,57,50,2,4,335907,0,84,78,13,24,63,23,1,6549,25,55,4,141,23,2,2798586,71135,166272,91609,2128,4,3,36238,92,125,699,24394,520,721,0,103,148
"89","MAG089",362928,3501,19,4672,7,3,8,50942,1,27,3165850,1646486,179,11,116814,36753,73047,1,1,72,607727,146845,29905,77,1481,55,3,599091,56719,2,14,2,193789,29773,2363631,156646,101532,455976,1019066,0,1,23,157890,54,1,0,25,102309,10,1,2,1832893,2,38,20829,1290,16,94,18488,6,10,8,55,1649783,4,20,28,30,12,18,102,2,1242,10,14,44,42,10,0,364052,26896,125518,57254,1265,4,0,24899,465,14,55,244503,3323,4614,0,7,174
"90","MAG090",476,23,868,9519,2,4,822,4042,163,1261,1867,8106,7,930,754,7,8259,0,3,6903,13394,3,4,720,959,28,1882,131,16951,1,17,0,2305,3547,3186,20,11,3124,278261,94,34,2796,2948,2,0,0,581,8499,0,15,44,7320,0,9,136,20,2,11,12682,2,3,14,716,8434,1,0,0,1949,9208,1,1012,762,1579,1,5,728,11306,1,0,510,649,213068,4,1,248,931,2688,21,246,3537,16141,121,165,4,1095,8956
"91","MAG091",153,27,0,5415,7,2360,1472,7148,176755,115,28523,1372,10,5,40,17,6003,17,1937,1732,32776,6,3,20,7710,56,1415,46,1751,0,9,22,667,340,1019,881677,48934,186602,282418,1,705,8836,7613,1,1,5,33,1136,2,40,16,3034,1,18,1079,337,31,142,3556,4,5,22,122,2373,1,1,1,159,60924,1,2,4,10001,11,731,16,11783,21,1,117,95,1870,8,10,2093,124,509,14,13288,4598,3454,42,43,48,2097,5400
"92","MAG092",0,9033,153,17279,1382877,136223,18628,24735,10680,6207,3082,1604,12,2088,399,2062,5900,142,7730,6845,4891,125,972,790,27641,2741,24311,1382,2393,5628,4900,18784,686,17862,1213,15332,23834,5482,58269,8824,299853,56618,1625,199,35581,54766,71831,2541,31782,15295,12492,2362,359,102902,448,1537,381,199870,4968,1791,2848,5827,7263,8885,3430,2665,6552,8253,4534,66620,1222,11863,7099,146355,2170,191578,22709,1311,721963,6233,3686,1115,332,1498,15249,16893,2313,135801,2040,4590,2367,143335,277992,9439,6360,6721
"93","MAG093",1548,23,15,22653,1,13,2683,4954,4,175,2283,6696,11,0,13,166,17003,0,3,14169,20563,699,165,2654,1656,11,51,3341,15254,9,113,88,3469,1674,2558,1737,867,4528,123758,1,389,31688,2869,1,0,467,19,10831,9,0,1102,67113,0,19,1588,487,28,201,13310,0,0,0,17,7939,0,15,9,1272,6891,9,0,198,72019,143,10,23,9573,11,2,890,1364,13407,0,3,1059,190,2952,28,2244,1447,13032,69,118,3,6027,9539
"94","MAG094",219,8,0,476,7,0,50,126,1,2483,495,165,10,0,2,28,216,6,0,447,1656,315,63,17,178,130,3,287,803,0,5,7,282,5671,21423,140,4,1370,252044,0,2,845,959,1,0,1,133,973,1,11,133,288,1,1,2013,561,52,191,1024,4,6,11,217,2508,0,0,0,1,1366,0,346,379,937,6,3,7,1026,8,0,150,28,7293,6,0,82,362,352,8,63,230,17131,30,124,0,190711,670
"95","MAG095",1158,2000,150,3519,377,117,1164,1122,95,2137,1995,13080,156,25,1002,76,22380,454,90,3656,14146,211,84,581,512,174,128,524,3834,17,164,108,3707,2762,2633,426,241,4061,640353,65,413,2023,1348,5,51,65,521,5101,80,52,395,2706,6,43,1589,449,39,204,9364,17,73,53,184,5151,13,113,67,475,3876,73,394,242,13488,201,25,216,2920,28,99,785,544,5766,85,84,1700,344,10817,203,7631,1205,5963,379,433,58,8060,3352
"96","MAG096",1107,7947,1265,6638,8335,39206,13504,69937,117,749,352,1809,3478,468,5109,152,6204,34464,14317,51453,239,40,44413,149,22437,440,4444,162,4319,2211,480,1375,1177,203,147,609,7910,111,3042,3608618,5847,502,401,5521,14788,22432,6116,2815,1032,35499,717,1921,410,3396,1577,1851,327,121809,3990,4602,1234,7703,989,1784,1035,73,1730,2625,1904,691,870,141,9922,53244,8250,11347,1274,463,154450,179,1612,653,1666,2668,1051,322,428,13706,769,1684,376,207916,14854,856,1908,4230
"97","MAG097",169,1686941,69,77590,190398,20736,95288,30075,2761,152435,20682,9629,1789,797,1485,3825,74796,26428,1203840,33192,15890,753,85361,1573,10181,497,22031,2802,22372,108071,22026,40781,31290,18942,5331,118989,6487,3317,61016,1374521,24906,19847,1307,2600,334247,17390,45788,13464,8914,62994,10254,66787,10633,8296,84732,371795,81532,8387,123857,95035,8796,1236869,55236,126018,466064,1317,857083,1294152,11336,6469,196645,8762,15246,6060062,502842,102647,47293,27968,3007095,43455,61686,15803,33434,206015,119111,21080,9274,4072882,6657,8540,40891,261312,215247,91031,2166,4368
"98","MAG098",3338,13188,17,1830,45931,1161,1773,3535,22850,1220,11540,1951,12195,2479,114,500,3649,83167,9932,1178,1762,195,48226,965,1158,3615,557,1169,2197,4701,4237,1264,1075,2308,2261,2141,12812,5489,3704,26812,240910,32969,1825,31,2826,2183,2856,1247,4518,832,3813,3182,3529,825,127897,43126,584019,55055,2132,833,9581,45581,7022,2261,3267,3540,8920,67836,1342,4359,1364,273,1676,48899,108162,4458,3832,313,18758,6605,2157,820,532,1749,27971,1671,1665,43106,2359,752,947,59326,89210,3703,562,1210
"99","MAG099",154,126,702,5806,19,21516,3486,65530,19,105,407,1686,4,81,7965,130,5613,863,8345,66604,193,5,79844,180,26562,85,3574,100,3827,1012,1789,111,339,3,64,302,10329,105,5310,38979,94095,44,529,3201,7834,19609,3360,2027,73,31083,103,1557,159,5403,1222,712,56,214596,3040,2867,453,4571,5056,1441,3,19,7,61,1739,78,7,6,9840,57072,7937,5392,1580,211,339284,6,2154,778,1706,2558,416,4,174,78,21,1953,264,10563,2827,50,2707,6247
"100","MAG100",2,171,3,1266,4183,4928,204,613,651,516,463,391,0,159,104,87,611,10,5956,686,1151,85,46219,358,237,9771,802,721,495,3178,840,539,2649,87,127,119,167,234,158,7235,78635,1168,617,76,16,968,832,204,11099,3585,543,353,184,502,3730,1143,137,974,237,914,9856,139,199,248,1160,10483,9961,1756,141,9711,416,583,345,5464,15906,1156,267,496,792,2556,353,494,236,579,49,299,228,5874,1210,9803,1637,4114,10563,3994,214,1084
"101","MAG101",7409,48197,17337,35244,2010,474,398,33619,655,53443,131824,7270,61,26162,18297,48521,122771,48,1778,1427,1053,849,30351,17074,65712,330,42860,1266,97140,429,8233,14675,77415,60278,32741,11521,10017,17751,29887,1783,1041500,54695,191141,76,780,27801,28635,2332,87,44084,9222,54492,54,254,25960,59514,8626,29407,60888,343,59,6721755,146763,43773,788,10,1179,64169,50980,130,84724,87898,87864,8736,965,59054,81668,167,1553938,3130384,63246,41797,1686,11199,44557,79625,109809,10858,39186,564309,43669,691,1817,7558859,23367,31548
"102","MAG102",23,673,108,2047,163,56,4784,3421,11102,24773,1422,1057,21,17,28,2283,458,27,70646,869,2635,75,259,832,15737,198339,729,12557,773,71,11192,5027,1375,1965,484,3564,4917,4768,2741,73938,103380,362671,179359,1,1688,1729,1731,1322,188632,1549,35504,1873,0,98,2999,869,62,980,725,175,179593,126,9361,2515,2,237716,214681,39734,2668,170919,10456,6801,928,72074,57,1182,1756,30,9241,89,1024,1232,3238,1797,181,5958,1066,89563,8148,3421,1091,326,563,21,3989,25700
"103","MAG103",25,5,44,41151,4,6,3628,4489,760,2470,5031,10389,50,5,93,396,9463,2,22,27870,25749,5,60,9578,9594,25,74,1810,22678,0,344,174,35950,6022,16160,111,16,2569,24698,5,7113,1052,1115824,2,0,2117,99,10728,6,2,68,18617,1,16,795,303,14,80,202976,2,8,13,1103,16982,0,8,0,12310,1276441,1,2,148,15376,4,44,40,9842,11,146,1333,822,41630,10,14,1696,1547,19791,19,12414,10087,34348,156,218,157,40958,16086
"104","MAG104",4,11274,523,15261,161940,45597,13693,23110,21342,8432,4952,4019,3555,8251,13991,1375,5397,6065,19534,3046,1872,738,10489,496,8957,32021,4863,1444,2742,58012,21661,9520,2472,2316,502,6052,4089,946,3129,35245,21206,9216,2713,875668,44186,12426,66959,2868,46163,19277,7098,7117,10261,119727,1071,2154,1279,67305,4538,47820,38355,9348,4979,4864,50017,33368,37771,12398,5328,46429,2380,10607,5610,281479,6053,69573,7878,35994,106478,1891,3293,1337,1060,6379,3809,20397,5544,83737,858,8132,1101,58913,154235,2229,4372,2944
"105","MAG105",10,16423,3570,21020,19443,108648,33604,29695,47764,19246,11984,6078,696,28552,17933,1039,8267,1503,23954,3717,1977,611,50151,370,14504,82051,14041,3082,3178,284227,12361,7239,5072,2426,168,9284,2428,495,2789,38052,31102,22029,1775,2808,1355,92658,118051,976,193360,71351,10083,5475,50387,329515,3247,3452,5432,149221,3535,118484,78537,5256,6141,1535,264074,76098,80731,10024,11329,45131,2922,18883,1796,353200,5803,155588,10698,75590,36552,2096,3541,902,3360,5872,8924,32950,4381,73798,510,12833,590,104667,448236,5256,7004,5141
"106","MAG106",557,1740,70,1717,89,723,599,4259,8,21,25,99,2,4,1384,3,850,391,1026,16502,198,15,7130,99,2431,220,793,47,465,14,554,46,402,13,22,35,638,46,232,14050,3051,49,29,726,1905,2588,112140,257,56,4671,1628,657,43,1837,1224,355,344,13514,561,850,147,146,117,312,14,34,37,48,105,11,5,11,835,1172,1028,6108,87,1280,8225,0,79,35,132,1106,2745,24,5607,33,1858,249,51,10128,689,5,1744,874
"107","MAG107",4,1,0,806,4,631,39,162,2,2239,348,179,21,21,91,18,920,392,0,15580,9484,5,13,4,362,935,10,80,1087,2,1,25,1158,1477,1593,21,43,4762,3864,0,237,715,192,13,49,753,355,78316,0,113,155,285,0,508,1124,335,26,447,2692,3,2,11,64,2633,2,0,1,1077,712,298,1,95,310,167,26,1691,4322,5,75,104,23,2432,405,29,201,40,112,122,86,193,1793,299,1011,4,145,724
"108","MAG108",631,4,150,25242,14,35,3524,209542,14,126,945,41894,72,3,120,46,34949,5,49,2367716,8833,1433,274,1278,4842,10,366,675,7455,2,56,7,43917,3250,3455,836,596,481,4359,7,53,4515,2131,1,0,0,2527,257692,9,4,214,130412,3,2,1133,308,16,106,9158,11,10,7,5652,10256,0,6,1,1721,12999,2,7294,6707,36532,14,4,4884,9222,2,37,415,686,13438,21,7,900,7744,4700,31,2844,23255,25495,984,707,29,5470,479923
"109","MAG109",1696,32,95787,5246,33,1,718,8000,11,4151,2232,112813,244,12,2,11621,2520209,15,18,7147,378249,2023,426,11661,6881,127,6675,4519,1544782,3,105555,85712,42701,5085,45312,3363,1689,4847,58307,56,965,37350,13037,27,139844,99735,67674,239205,40,72,25124,5348,1,0,576,12,0,6,105776,1,19,45,4273,253756,2,24,19,193,5722,10,2390,2502,1254,60,4,17149,84327,11,10,1981,5537,446878,55383,31355,16039,11162,81871,82,309,11815,189680,560,777,1,10736,75724
"110","MAG110",38,165,0,26095,17,9,9447,5102,12,389,5125,34430,277,6,17,105,455643,24,8,26563,121385,7,3,6318,4720,47,21,186,12660,1,125,4,74474,2853,12421,7,5,1209,6110,20,4096,320,2644,28,3,876,22,136779,60,12,16,671604,2,1,2626,584,46,155,45075,2,18,29,251,9048,1,10,10,2050,20067,21,5,55,6312,8,13,19,597132,4,5,2605,2064,240766,19,43,7683,569,16596,207,7128,7905,101540,1357,2112,43,8854,104588
"111","MAG111",4833,0,0,23545,16,34,40962,24802,3303,701,4152,23525,165,1,55,206,37668,13,2,128892,71473,35235,6741,7766,4625,13,4,1734,56525,3,157,11,153629,2544,12666,3396,3228,2397,23500,3,3450,1640,2815,2,1,10,450,2306396,25,4,693,43775,1,10,3072,917,59,251,47103,14,22,22,964,614753,0,17,2,2101,34157,76,1193,1189,18311,15,25,898,237027,17,73,1744,2465,80161,42,36,5589,1698,15623,88,6104,12040,107070,742,1104,28,5057,388578
"112","MAG112",140,1,0,27058,15,12,15683,8134,8,345,2248,15250,109,6,23,482,27467,7,15,2830409,34588,3,5,9274,8167,4,1,91,68532,0,216,8,26566,1152,5846,45,7,1262,16135,5,8622,377,2182,2,1,0,36,855173,38,11,36,47581,1,7,2549,668,48,216,49483,11,18,0,337,135202,0,13,4,7987,60835,3,1,3,9080,32,12,16,23612,17,1,1391,1276,41264,49,101,19125,704,7386,61,7106,14686,393332,445,699,0,27573,42449
"113","MAG113",106,8,0,28950,61,39,2722,5020,56,259,4349,5487,19,1,63,204,11104,6,6,6595,10399,3,21,4155,2507,60,3,65,6060,9,104,20,5450,2534,6810,56,7,1107,7556,52,11847,806,3117,2,1,2,85,162614,45,2,72,22626,0,21,1993,567,41,192,49374,5,46,2,163,8726,2,39,35,1050838,313860,56,42,63,10013,21,13,35,17277,34,205,17527,10082,66947,51,54,9144,682,4829,112,577872,38285,79012,254,583,82,19043,67734
"114","MAG114",404,2042,65790,438,11354,157128,107951,12498,4522,94405,1673,496,711,615,477,17242,487,23,45542,1093083,620,862,1011,4462,3588,2155,164284,10201,1191,278,91782,93995,21892,3470,5930,713,710,6762,133349,141,16131,150155,4058,55,40979,27847,24783,1126,561,7415129,55995,29147,57,793,477,613,75,2869,933,417,238,170316,13946,2191,228,124,161,38545,3214,1087,5081,4393,2741,1967,2703,11312,877,125,6641,66213,3677,5504,25409,16307,18767,10506,2665,1327,119033,30263,844,1715,4021,97800,48486,29720
"115","MAG115",7992,10121,4090,34384,76,3002,10191,76304,1227,8715,5399,213697,7629,698,195,1522,34005,146,2274,32787,36236,5067,1171,6352,12103,740,2645,4167,43858,1,6920,5204,35500,11635,13158,4599,3539,5221,25031,416,25375,12354,10761,9,4887,3518,4532,29708,560,14802,5852,524550,4,44,929,365,7,2314,100892,21,489,3791,4813,33991,1,383,427,6446,36460,1424,5972,6048,22756,306,434,4661,41760,11,86,4528,3845,34633,5051,2045,14822,8220,53325,332,7918,10997,84344,1186,796,1954,32989,43057
"116","MAG116",119,415,372,5237,49,15,935,1722,2,6489,537,55248,91,8,81,68,12150,39,9,7936,41274,16,1,1796,1820,326,726,257,69596,5,43,8,34142,26259,24945,3,3,1784,10391,10,1806,5618,3977,18,1,2,70,11238,21,140,295,138285,2,23,479,119,11,73,27676,9,12,12,124,21589,2,11,3,3683,10665,15,16,71,3784,20,15,620,42840,8,11,794,1098,49343,1,5,537,71,34176,51,1675,2902,22037,300,621,6,1345,39989
"117","MAG117",10,17414,4256,19105,17060,104662,22231,31093,28176,14837,9325,4967,78,29984,19719,898,10182,1541,17398,3318,1702,439,36585,93,14163,8441,9595,924,2795,210143,6198,4920,3980,1801,147,9539,2458,460,3857,13576,25198,18700,1710,2179,1115,11507,116081,1011,61189,49015,8919,4639,374835,302913,13428,13029,4196,144390,3253,86922,7782,6772,2945,1632,177791,214,9565,6419,9467,3593,421,13785,1724,338005,5118,129378,11545,46361,18876,1528,2988,869,2217,5170,5541,32468,3355,39195,1525,10817,647,72182,311588,4024,5061,3732
"118","MAG118",115,914,468,3229,83,41,3407,2719,0,806,2196,4456,37,13,89,52,1671,28,58,3931,635,7,319,2877,3984,330,7372,556,968,1,178,315,609,1939,1652,28,19,6295,19963,1,3107,5015,2092,9,16,106,4441,1470,14,50,137,865,9,138556,617,1160,281,26361,5663,13,82,1768,8371,2236,5,3,1,5099,10870,13,2077,11153,2661,24,8,10903,2999,20,21,4117,8713,1782,12,41,470,38196,2521,15,4985,9730,1517,228,8348,10,1791,1604
"119","MAG119",5219,72,54,1943,63,329,6963,6289,61,18517,18207,3621,21,31,193,153,2479,397,14371,8075,586,15,1144,16782,16342,576,557,1572,1331,182,416,153,733,7270,1928,3032,3038,7480,3438,4531,1320,9996,11500,25,103,430,4911,709,85,573,2732,3814,22,83995,42,29,38,27751,4738,40,48,2954,17310,2888,198,1,6,15101,4166,271,3049,3682,25039,876,1115,5196,2376,415,14263,6278,1917,642,62,36,155,679,3687,49,3693,4990,812,3849,6605,2173,4706,2561
"120","MAG120",60,5915,43626,606,483,1102978,85812,4380,108,82518,4283,962,224,25,14,4571,1893,135,148395,174984,569,68,362,3545,2809,1523,88891,13353,1164,899,28831,27424,30695,1904,3733,660,39,5671,197174,5845,13071,56222,6590,8,42843,28317,23008,1904,405,17190,27695,2855,85,357,3898962,2396068,6684,3557,1466,432,425,12140,16239,1701,2005,412,3971,29489,7498,510,6599,4671,3208,25352,7458,10674,2599,117,11731,263056,1579,592,31263,21857,822,35892,1737,28279,32674,22659,1393,1011,971,671,16498,1669
"121","MAG121",4,16,14940,78,25,29210,48755,2939,0,9885,157260,175,7,1,0,2611,250,1,19368,39391,177,2,2,1731,2079,1229,275485,21996,2018,22,14170,14062,3351,1520,3159,4,0,3138,907,60,230,9683,706,7,19624,13080,10719,530,8,6422,14877,178,3,9,567,335,4,2885206,398,15,7,2399,4988,550,1,460,0,8202,411,61,1675,1364,1122,766,6322,4110,761,5,57,2944,510,377,11511,7738,305,3672,742,4,9462,11466,180,18,101,214,6948,894
"122","MAG122",387,90240,3960,19180,924548,90596,17528,24740,15789,10859,54971,12464,177359,15242,1182,51383,6353,248,34883,21671,3729,348,3294,7882,48924,71700,24127,4789,4839,7766,13502,29311,2372,89692,13056,9478,16897,19990,18080,50792,798300,173964,8502,84,21248,33163,289563,3472,92611,15670,34161,4085,527,374791,1286,3147,738,764015,8049,3705,65991,84175,392016,16528,8285,73556,78292,27299,5204,90515,22901,45641,14904,194897,4614,699200,78373,2013,466235,12895,8650,2233,573,2950,12366,30849,21863,151186,3395,5126,2548,75589,144074,8672,25819,24672
"123","MAG123",2,0,0,3943,11,7,2390,826,7,12,27,1864,8,4,0,9,8473,0,152,12021,1587,1,4,1192,226,252,11,86,171852,2,30,4,590,96,264,0,1,38,689,84,4,111,11,1,0,0,24,2616,106,6,6,1604,0,0,983,190,16,69,81389,1,93,5,213,97694,0,103,94,720,2535,98,22,8,125,39,1,8,642,20,143,236,120,2582,0,0,0,5,507,251,1951,1310,180067,987,1849,1,853,72695
"124","MAG124",55,14300,169,16744,115447,34627,12982,25964,5693,10180,4983,2656,15,3022,45776,1244,7184,3360,8600,3500,2399,329,6786,442,6178,1046,3571,1744,1900,25734,11150,9167,1124,2723,338,11626,2698,1188,2480,12040,12443,3741,767,903,3433,7353,82553,3564,10553,29412,3406,10385,5441,113822,1915,1546,844,48605,4597,294875,82182,11125,2501,5701,13653,478,7553,11914,3477,13135,1301,25462,3119,211139,5450,67940,7568,8410,97319,1210,3538,807,1009,17533,2790,9714,3305,35428,1609,6820,1020,140441,391266,2712,3362,1467
"125","MAG125",7375,7290,63,933,598760,2869,1270,1805,3087,361,463,419,11812,3611,319,150,1780,472797,5749,1158,902,349,784,536,640,16746,2347,546,507,27648,3815,1667,937,177,196,910,769,318,454,17228,1795,790,277,118,3394,5978,1877,520,16192,1550,500,399,22958,2484,10570,65565,565,1983,483,44364,1390101,2377,917,324,1300,14377,14479,2361,521,10676,865,644,519,9417,1306,2597,1178,1772,2928,407,305,458,1304,2188,7220,1386,1101,7611,1984,2799,513,76607,105040,5296,704,577
"126","MAG126",3,3,0,210,2,2,16,61,0,150,65,53,1,0,2,1,10,0,45,157,149,209,30,799,18,39,0,51,1382,46,31,2,109,340,310,62,100,69,175,1,225,997,190,3,0,0,27,87,0,5,190,335,0,3,1389,383,21,173,17568,2,4,6,8,60275,91,0,138,278,127,0,0,16,151,1,7,64,1811,42,38,429,15,52,0,0,0,12,15468,11,8,42,313,35,86,11,30,1286
"127","MAG127",134,299,31,203,14,2,20,624,3,1946,253,5197,58,5552,3669,33426,6896,7,1,329,4774,843,231,60,583,122,67,70,7853,0,4,9,25955,1304,91179,628,593,1615,2529,6,1456,3674,1270,3,2,1,404,37684,5,86,293,67,0,8,1503,801,748,2603,7995,1,9,35,650,571882,2,3,2,16,484,3,2114,3573,356,7,6,510,5424,4,2,58553,552659,209564,1,1,774,2086,2407,44,162,22685,144984,223,450,4,747,6126
"128","MAG128",0,14354,16766,47138,4885529,481270,50285,55677,89117,11485,2792,2663,1123,5591,1611,12817,15054,545,16992,8487,16325,223,2039,1502,5931,562,80253,4659,6491,15610,9943,63228,2765,7054,867,65667,74460,1912,6057,15041,99936,25211,1620,640,177923,283352,32410,5672,112253,58179,4800,5273,307,36251,1422,2960,628,61479,12514,6786,1272,13580,4996,23959,10698,207,10664,151770,14110,249246,1948,4674,14170,410763,5931,64407,9424,2288,2616518,20494,8884,4535,989,3379,49430,55713,7153,355704,10252,17069,8473,615872,1195701,39517,3037,4235
"129","MAG129",5664,43370,15436,113292,44,3698,916,44359,7,70322,36937,41468,33,99765,70123,117138,292332,357,5698,7766,9347,3514,123891,26734,149205,1344,33798,460,235333,13,4090,7458,49605,35024,40987,6325,5891,22271,159716,178,16450,65780,354742,3,38,7085,39826,15879,9,55594,8374,60002,2,976,35262,59310,12768,49311,15010,8,46,9293,95543,18387,1,3,1,1194886,59113,596,98159,96768,6088,278,4789,87941,142464,8,7693,28731,380400,662761,2930,33479,250327,94242,141475,132,1925750,481329,854545,549,2617,31561,19577,58099
"130","MAG130",256,15,1013,527,56,197,13131,1072,4278,1602,578,86,130,13,2,298,737,1,12318,5819,492,40,77,1984,3620,79106,429,965,182,47,5246,2212,545,121,159,10,5,78,768,29297,230,6439,1432,1,681,690,774,395,84896,190,2264,652,5,16,2554,708,65,419,462,141,79122,66,2369,1541,7,90053,84647,144566,2060,25341,2925,1423,829,31289,36,470,5286,45,1907,77,1368,234,271,67,144,3243,3378,42601,164601,23743,176,45,90,17,3617,1409
"131","MAG131",77,631,361,48456,11,287,50674,69493,2,61798,11457,84642,4,5,1083,5482,10748,0,90141,358883,2239,4,1985,2109517,3963342,16,958,385,4739,38,38166,291,3254,605,2482,38,39,2856,44188,5394,12077,411618,45278,1,0,519,130632,4881,3,7480,2269,383001,18,2807,23711,9684,1585,36039,26927,15,133,57324,53815,14603,235,10,38,146029,273208,4,1106,1156,938127,282,27781,113815,369189,4386,117071,4682,24139,2105,10,10,765,1507,24595,484,293,239961,4846,65,214,71256,16176,23021
"132","MAG132",600,81,88,16510,3,1,6057,5036,79,315,3331,7985,24,1,7,190,8498,4,384,8444,7772,3,3,5397,5976,1241,215,934,7582,1,219,35,6490,2883,4023,461,9,888,7312,930,4923,1618,2616,1,1,0,36,7526,1298,16,65,13557,3,10,1125,291,16,106,47631,8,1276,3,114,6096,0,1399,1380,4644,160618,3,4,1,9143,1397,18,42,5935,17,4,2631,2288,23891,7,7,1479,210,3067,749,8785,5154,13026,117,186,29,8611,13139
"133","MAG133",123,220,1,111609,7,5,3402,1268,49226,4959,5712,151582,16,1276,907,69,7055,10,3,24214,28350,2934,1147,1524,2563,11,11,4987,23156,5,115,6,43580,7098,7724,1876,135,43969,14343,1,10,3061,6620,8,0,8,14,136642,96,1137,362,12106,0,1,424,104,6,49,608827,0,1,4,57,12009,2,3,0,685,298317,1,443,824,25997,4,13,429,10003,1,0,2775,2231,47912,7,7,1488,524,5962,20,5236,5992,56100,135,295,2,217270,26378
"134","MAG134",14,5,233877,544,7,82607,332136,9603,10,8538,1243,688,5,1433,791,40617,545,4,11265,66525,515,3,33,40759,16852,1043,105831,28659,423,5,172679,175297,39769,6837,23326,27,37,20150,5608,33,3187,47801,7151,6,310386,219732,181183,6687,29,14434,250737,304,3,114,2474,1643,5,6767,919,18,11,3465,24991,3791,0,3,0,40158,4760,1216308,15753,14859,19283,1051,3129,109460,1347,16,15,4200,4145,2104,217319,133670,9340,70304,6544,4,49642,99063,1493,35,78,680,40542,2656
"135","MAG135",327,18253,2680,17029,31358,103040,32925,23551,24076,16616,11613,5284,2605,21229,13101,793,6587,12449,17670,3316,1826,525,51778,123,10683,14891,10880,1483,3196,176213,7240,5200,4380,2434,191,8622,2298,430,2913,16602,25724,21494,1226,643,2141,9263,101598,1002,101579,62082,6399,4101,42185,274920,2370,2248,5675,121389,2867,829140,87021,11177,4010,1385,164865,8491,18709,9070,9737,80883,2374,13913,1629,278856,5312,130939,8637,75606,45848,4008,3374,728,2183,4031,7471,25684,3819,57511,263,11551,641,104491,432446,4994,4658,4672
"136","MAG136",88,11016,18926,2281,1225,924,1966,7363,3159,1501,1225,9135,2467,212,64,4016,9947,62,14388,9304,6649,110,1138,1865,1653,54471,1425,3738,7355,1094,6310,2113,2257,1709,1218,730,107,1962,6167,10485,2850,4639,3760,11,32261,20194,15580,4195,61326,717,9631,5384,128,436,16433,6490,707,2097,4192,509,58883,7791,6156,4147,2149,59585,59629,77394,13755,43342,1226708,308591,319422,49547,2490,7631,8273,3143,44757,1828807,25780,6427,2387,2233,3702,3510,2481,58135,16103,4666,4502,1766,2637,603,5631,4558
"137","MAG137",608143,4908,19,103827,2616,910,3242,67923,1226,392,40982,120141,274,17,78337,73088,96133,321,5307,10848,326117,91864,70700,75940,117803,11,8,2003376,135036,66,2313,47,80726,1889082,762389,866334,923742,184109,609370,602,1985,6356,190813,13,121,175,1425,595400,103,68,2011,251574,19,192,11540,1261,60,2104,562204,24,40,890,3711,653618,65,46,64,1733,3063,242,4774,1390,8426204,687,652,1760,1469,131,6168,247954,49264,142878,58954,1428,571,90,40296,375,543,3103,16991,2634,2716,2033,3935,4526
"138","MAG138",1,1925,11,4226,35495,6938,2420,9019,2203,883,7354,203385,1836,209,28,1468,4646,43,13632,1656,973,1362,435,73,3627,44218,453,973,1192,1859,45533,2353,1431,3709,1266,291,1119,1101,20426,31886,5122,342693,168845,976,1189,1202,12700,1306,39516,784,468891,488308,210,2418,9929,3261,316,4398,2285,663,38454,2922,1102,1478,3387,41748,42257,9697,491,28542,1352,1057,152223,41942,2017,21951,8463,3827,9817,10561,1729,1494,187,421,1069,1895,115348,51613,2070,3242,961,1656,3003,281,1543,2578
"139","MAG139",37,12624,58206,1391,3922,75754,147703,31851,110,17516,155380,554,431,112,63,6288,975,1207,98698,69576,740,6,744,9310,6581,2730,4760236,369876,31384,1251,27744,28539,8331,2217,3848,619,293,4698,9158,11879,44116,20279,1793,839,93953,68855,46270,2399,892,29480,17917,1398,132,512,2767,2218,486,18962,3699,458,884,8178,10673,1870,1685,435,2859,17197,1800,2452,3541,2135,12124,38312,2761872,11382,728,208,6241,9517,9647,1143,21475,14606,9731,10369,4387,3696,16626,41630,683,3383,3083,1709,8866,1032
"140","MAG140",1,6,407,5682,22,19057,2368,67708,0,47,57,1661,3,9,4610,1,4055,271,3808,60798,83,0,90526,225,28991,82,1614,56,3897,26,27,24,273,3,69,181,9047,36,5140,24404,1047,22,500,1498,3729,9695,1422,1498,22,16160,28,1318,7,7134,757,225,28,279359,3137,1452,211,4272,1190,1918,0,10,3,25,2063,1,10,2,10254,55578,52495,3877,1230,52,117933,1,3723,677,1346,1982,704,2,241,26,8,1286,318,12186,632,3,2517,6915
"141","MAG141",4,121,2,46042,7,1609,124713,707403,3,16757,20944,178529,12,76,13570,1048,43030,3,1027775,581394,16402,8,17958,217816,332720,50,569,707,19539,24,4130,20,6466,251,1086,9,68,8383,190232,16377,42675,455125,116127,2,1,2,171021,18432,76,1214,12471,128346,1,24951,24238,7086,4063,73615,212476,49,1728,63141,143591,43652,4,26,31,8825,74912,57,4,47,582198,15693,141111,604144,4811,3714,1417590,2831,37432,6050,7,97,36,452,35717,138,503,83962,8946,628,762,200805,50148,38836
"142","MAG142",409,266,1034,13424,1898,13235,4892,43368,45,383,599,897,429,109,4789,39,9730,10931,18097,81927,980,22,28524,92,12898,372,7096,224,3802,265,366,865,615,112,123,347,13705,191,2318,187339,2077,528,582,10110,25534,34545,10981,2093,262,46995,11513,1449,256,1792,1804,729,96,67648,2615,9195,1679,1510,647,966,1,45,50,665,2535,30,29,28,5894,20810,5982,53169,1175,632,186719,45,918,863,1026,1675,710,116,359,355,1050,20333,624,6016034,340920,27334,2746,2907
"143","MAG143",50,25406,4017,24700,77004,123326,35617,34374,31543,20168,13636,7660,732,27178,20671,1221,11247,2963,36959,5047,2565,650,54935,181,14918,39440,14243,1644,3878,266270,10882,8524,7696,3421,321,20080,4151,941,4788,33855,40366,25000,2896,2155,1524,17940,122738,1438,114586,69299,12416,5496,64755,338293,5320,7843,6627,157289,4347,136959,39290,9619,4258,2889,199338,28040,42931,15335,12970,29910,2073,20193,4353,654229,9701,162131,12391,1271003,86046,3298,4080,1437,4239,9711,8876,40047,5000,80927,2112,14776,1116,148763,628998,9470,6221,5127
"144","MAG144",74,9961,20,15228,6006,196353,11478,6433,256,7112,1059,3114,41,44389,9516,20,2406,2,2379,1659,808,100,2022,46,7167,1925,730,1201,903,273069,597,16437,2332,323,141,4134,387,94,1384,1666,25043,2694,270,118,7,77547,35248,1509,2982,16497,1406,1020,110888,71735,10230,3217,1133,43025,570,54451,10329,2144,1680,1885,1281,2140,2099,676,3248,1389,299,5835,1157,23494,854,54321,2852,513736,25821,2084,8272,522,15083,55538,345,14897,1024,15432,485,4765,1051,716,1293,4276,1987,1982
"145","MAG145",15029,738,34433,4708,31,69535,31612,5117,14,23969,7059,3923,22770,1337,1596,5742,3040,4,38643,24908,6249,39184,23378,4020,2126,683,21615,16164,5451,4,6718,7501,6640,2099,5542,27975,22526,36941,20630,66,32055,5657,9849,2,48011,36250,23642,10332,2,21758,9490,22483,3,400,21766,13706,190,5936,7570,41,26,20341,10416,6956,1,9,2,10030,5117,973,9902,8944,7440,66,3024,8617,46727,558,646,402741,16190,5296,19001,10513,8237,5384,4084,30,11032,12546,4166,496,8890,1824,20080,3067
"146","MAG146",273,8652,845,11428,27768,5352,4083,4425,2045,962,2010,13675,2618,278,177,624,5100,53,10632,2174,6983,2134,508,2012,2530,26631,1867,464,3255,1621,46981,1936,4020,348,1335,780,1004,264,3992,22842,4915,21911,11207,914,380,1054,2270,7127,26371,552,22869,29282,423,1743,5596,2854,453,3585,17977,987,26640,2130,896,2420,3700,27790,30529,14613,8909,27359,3736,3475,7903,40819,1588,3415,4747,3292,9462,90105,129900,6638,228,877,2199,4288,8711,32952,2458,5758,5517,3138,7947,428,3267,6327
"147","MAG147",81,162,7,2820,11,2,193,1682,5,8256,243,118037,47,5,5,796,44786,7,6,1979,116811,8,7,398,597,226,9,291,70214,1,13,6,20687,4105,88027,267,70,2287,79231,4,63,85562,28203,19,0,1,3,87260,9,16,414,2796,1,3,150,14,1,6,202664,2,7,23,301,74268,3,11,1,105,3958,3,915,1159,1068,9,1,5,90031,8,1,2749,43861,722389,1,1,163,949,28554,47,545,482,108308,331,714,5,2198,43652
"148","MAG148",549,27,2,6477,136,2,3184,891,3,65,29486,2163,88,3,587,22,1432,6,198,8457,6502,2,6,146,538,42,2,466,3645,4,8,3,5777,5276,2250,38,1,196,2142,5,731,167,1088,2,0,2,21,3641,18,1,33,18637,2,4,88,22,3,8,2555,13,16,4,4,2146,3,9,1,5889,8300,2,8,0,2316,6,13,13,15373,118,6,1348,442,67046,102,13,654,90,734,11,8757,1256,7021,317,588,17,1516,5238
"149","MAG149",453847,3359,24,7511,17,1,34,46724,13,45,32256,28696,293,244,4772159,10032,72463,19,1,1086,392282,131489,42878,14285,9204,18,18,119894,28270,1,292,4,221123,26509,657782,65372,25874,22383,47827,6,1784,50,163931,3,1737,1391,807,23446,32,2,23,34201,0,54,1676,276,22,100,7749,3,5,4,177,48720,1,45,13,2,4884,6,36,5,6095,11,5,4,535,2,2,89242,79072,92207,5308490,127685,16080,131,7697,35,27,370,12231,219,349,1,2623,363
"150","MAG150",72,271,37,698,6763,617,1270,1364,2798,12940,3598,202,816,78,20,352,1440,22,11114,177,2033,21,100,167,9584,56542,254,5179,402,120,3652,1731,387,3512,223,127,192,238,1108,15957,912,6580,2314,4,311,572,851,134,55625,915,17668,620,26,429,2282,658,73,1282,650,1729,50603,243,2068,1765,605,58892,54815,37794,909,59165,2037,1199,489,23898,130,864,2644,109,16117,68,1109,474,169,47,208,299785,1144,29483,1109,771,311,1479,2407,553,525,25359
"151","MAG151",121,5,0,1328,17,563,302,881,4,5076,3917,53824,57,411,274,317,349258,5,1,3218,184618,10,206,392,1217,115,19,234,215353,1,9,21,15437,6483,27698,246,157,4502,39075,350,2,32292,10770,19,1,0,710,58920,12,283,226,1877,4,1,295,12,7,28,81957,4,10,16,2124,67131,2,7,6,305,2724,5,1514,1697,767,11,365,2007,84320,6,3,1518,2295,429095,264,3361,350,1558,772752,86,1242,563,76881,597,991,0,2140,54324
"152","MAG152",48,5,0,14308,6,314,2076,6222,59,553,9674,3488,19,36,9,33,4674,3,1236,8373,9080,268,93,1016,1017,25,9,395,5045,0,38,122,5848,4942,3576,86,1653,1090,3736,5,1168,1251,2115,1,0,2,149,7393,2,14,5542,6364,0,13,64,5,2,47,6353,3,2,840,507,8114,1,4,3,6803,6599,4,874,709,6489,7,33,573,6635,9,3,957,820,13548,3,7,924,1010,2006,2187,348271,3573,22242,18756,33755,6321,6225,7190
"153","MAG153",204,116,76,4270,8,7,792,784,154,202,1038,1294,92,17,32,57,892,40,4,1098,1660,12,1,14,527,2,186,543,572,4,216,62,445,140,275,453,20,138,765,0,56,503,857,0,0,906,89,621,62,17,230,1819,1,12,1734,487,38,128,4177,10,8,156,25,699,0,1,0,1545,2991,946,3,10,571,68,27,103,1242,3,25,103,124,1667,27,26,1015,248,308,66,3778809,55297,28628,71,123,41,1588,1214
"154","MAG154",1290,4375,12363,1687,18,4,117,4398,1,3095,4028,225,47,11121,7249,29899,4788,3,1,777,1461,56,3806,4331,2837,136,25295,69,6168,2,422,712,28387,2891,99826,1494,1234,1255,913,6,9726,3328,4333,3,0,6476,7940,37877,8,1696,234,3265,0,6,517,1064,219,504,2301,1,7,430,17784,19792,0,4,2,12222,7147,0,3130,3886,621,6,1771,1668,2697,2,4314,70213,582377,212236,816,10686,2459,3321,2767,34,9613,460849,3056622,222,468,21273,2159,1363
"155","MAG155",5,5416,19,668,9692,1618,31304,3245,5941,1063,1293,484,637,185,197,3534,710,6,7662,3923,429,74,207,10043,10667,56183,644,7569,877,987,4575,1534,531,385,185,377,386,5708,11867,12814,3134,12951,2314,6,403,1298,2045,195,30524,323,1168,365,134,2744,2275,682,56,4220,774,521,46659,1729,5013,1847,1489,54909,51207,15748,5366,37294,4477,3658,7315,26814,645,2386,4128,700,13395,218,1718,168,160,195,488,3496,8523,28927,365198,112509,282,1368,2590,399,144737,24369
"156","MAG156",9,0,0,526,0,3,11,350,0,81,79,177,1,0,13,8,203,0,0,846,1479,1,7,139,148,5,1,38,512,2,3,0,227,265,344,0,0,199,363,2,3,57,42,1,0,0,9,1542,2,3,4,508,0,2,529,123,16,58,523,4,3,0,5,1384,0,1,0,814,862,0,0,5,326,1,1,3,406,2,0,50,83,1000,2,2,309,5,278,28,464,195,115783,110,185,13,171,949
"157","MAG157",10,16,0,190,27,10,221,186,7,93,114,433,4,1,1,36,245,5,0,723,1337,4,3,1,32,1,1,33,639,1,17,16,4650,284,22678,0,0,92,360,0,0,37,8,18,1,0,9,485,2,2,6,1215,1,5,947,196,13,59,990,3,0,15,30,11642,0,0,9,85,2588,0,0,19,512,2,1,5,872,17,11,17,35,776,4,10,1358,25,215,16,49,259,109810,59,158,1,1731,1359
"158","MAG158",256,100,1,33731,24,2,9931,10910,342,2407,3526,24721,51,4,16,221,29993,7,2,36293,108795,13,3,6213,5095,5,86,643,28738,0,220,3,13686,4981,6793,286,26,2702,17887,122,10229,5932,5192,7,0,0,337,22995,5,201,151,26849,2,5,508,82,11,29,58148,1,6,48,774,23040,1,4,1,11256,28893,97,861,1197,6664,20,38,572,24556,33,63,1826,1950,45048,43,69,12804,1242,6939,60,11705,37624,187881,464,653,2,14199,345834
"159","MAG159",24,1016,1,11474,2070,1842,551,106012,693,460,3527,1201,1188,144,36,230,10299,25,76202,176898,5937,332,1132,78,5203,3491,53,316,12561,459,1683,4979,3385,5748,197,178,291,5064,9927,2491,437,9692,10590,22,239,107,30746,1068,4123,215,19419,934,73,308,5231,1833,154,777,1281,214,3773,27838,1406,568,619,3953,4824,1853,22567,1939,269,124,4664,8734,598,1026,4553,151,2711,215,5979,3778,59,297,144,229,1844,12074,57606,74948,1653,535179,18559,5594599,7293,2746
"160","MAG160",1293,365,0,47595,3176,339,106,211579,38,301,29040,2189,99,299,7,4,15841,16314,609,29380,16985,83,59,111,4650,33,10,374,15035,851,501,556,1368,638,203,254,284,6312,24171,136,42,8142,2221,4,164,295,1354,19621,71,31,2569,25996,729,46,8647,3334,146,742,19764,38,196,157,2363,2024,1,45,43,13,1850,4,244,125,7954,76,36,35815,20643,31,17,3590,10231,18750,15,96,278,200,3099,132455,9620,3680,86155,1370417,2750729,624,11890,11964
"161","MAG161",266,33,1,195267,216,371,540,243424,180,130,1986,510,14,83,12,45,18227,48,1355,35403,27868,283,233,129,605,3052,19,340,14573,67,1478,7336,4697,126,394,90,1985,1210,14248,164,125,1226,1914,5,0,20,10806,20490,3461,50,20287,863,12,115,11085,3361,248,1175,846,44,3270,325,1843,539,1,3794,3584,37,31659,914,229,123,2997,1614,41,3782,9850,46,67,144,1021,14099,36,19,44,150,5202,4494,4927,275974,6854,2562351,725561,50289,10738,1551
"162","MAG162",1718,2425,26,13052,17898,6329,9479,23266,246,1260,21869,4760,6980,1275,190,122,3726,80059,36552,57033,7260,2778,926,9409,11631,148,499,9955,3004,1300,1561,3467,2939,1144,1327,379,6090,1588,4064,4673,481,10495,6883,11,1310,2793,6719,1497,1109,445,65384,3207,1146,737,15032,5574,468,6376,4419,228,2813,13098,10200,1643,408,191,739,1942,4362,130,1968,544,10282,5296,1160,4146,3717,399,13440,4020,2406,4558,191,301,1403,267,4179,6141,6100,92650,2101,60553,52772,2301096,10791,2031
"163","MAG163",704,1165,6006,11209,8542,185228,78207,27971,2154,66493,92190,1231,392,133,2499,1221,1381,3705,911009,28724,6226,186055,38870,1838,2814,346,16391,1084,9269,7384,5447,7439,3054,261,290,265,287,1295,4540,1525,4506,27150,975,69,9351,6869,9867,1064,1041,52941,170652,2467,7574,516,8404,8812,246,4400,777,211,386,588994,18206,566,78,51,30,1580,2704,666,1152,858,6485,1026,5526,9977,4262,172,8680,865,630,2881,3124,2037,4631,921,4136,1250,36819,7446,885,21740,21548,747298,7421,1355
"164","MAG164",26,19,0,6565,108,83,10508,5727,0,192,1939,1434,6,10,39,21,3057,1,15898,4313,2717,76,109,2354,4147,36,47,79,2015,14,111,87,1184,143,576,24,185,1344,1726,4118,778,6733,8955,1,0,4,887,835,57,36,873,1614,0,145,12901,3810,299,9181,3706,23,88,337,13709,2702,0,24,33,759,1846,26,1,5,3963,95,46,2915,2019,104,9334,220,2256,4080,20,22,36,66,3510,163,1380,3247,2924,1074,1885,1644,225249,3547
"165","MAG165",236,4,467,78601,6,46,5242,6248,116,153,503,17019,28,0,4,59,13368,1,38,12632,53181,21,27,7878,2603,0,1009,146,121059,13,155,3,20014,616,2239,33,41,359,8798,0,966,3365,3169,10,0,0,33,15527,7,27,113,6807,11,110,801,178,14,92,30254,2,3,30,25,7759,4,1,2,585,14621,4,0,27,2787,30,12,49,37429,21,96,700,745,20492,6,11,1698,102,3280,82,2592,5482,13669,655,876,75,2462,164848
"166","MAG166",6,1,0,1246,83,12,1260,4575,1,63,583,3479,14,3,52,6,3771,2,4938,22135,84966,4,51,2259,3367,3,1,34,3976,64,33,13,3360,136,1463,1,0,86,21224,190,149,2106,752,1,0,15,800,3483,6,0,136,13034,44,97,3045,849,58,261,3636,4,5,219,141,3498,0,7,0,88,1331,1,97,51,5147,10,12,2408,3017,21,5159,95,369,7944,0,9,44,103,5124,44,316,1463,5929,300,563,569,1486,113091
"167","MAG167",11,1,0,1531,6,187,615,358,2,97,153,767,12,4,268,3,1490,17,4,1276,75528,9,17,69,117,45,5,115,23774,1,205,28,24356,190,4214,83,4,208,20032,1,1350,79,92,6,0,0,31,79923,41,4,105,1299,0,2,4983,1452,84,496,980,12,9,11,23,1287,0,41,30,646,2138,38,2,9,308,150,38,61,229348,2,1,19,100,36962,318,8,507,20,448,98,585,7736,21131,547,906,10,980,107287
