,Actinomyces,Prevotella,Granulicatella,Lachnoanaerobaculum,Veillonella,Streptococcus,Campylobacter,Leptotrichia,Atopobium,Neisseria,Haemophilus,Fusobacterium,Solobacterium,unclassified_Pasteurellaceae,Gemella
B_i01_M01,-0.0437048,-0.0437048,1.571055818,-0.0437048,1.059345042,9.514507463,-0.0437048,-0.0437048,-0.0437048,1.571151189,1.907907166,1.571055818,-0.0437048,-0.0437048,7.370864471
B_i01_M02,2.774962177,1.038545956,2.138627918,-0.064488359,2.138627918,9.568222722,-0.064488359,-0.064488359,-0.064488359,2.339432113,2.138627918,1.038545956,-0.064488359,-0.064488359,6.35065528
B_i01_M03,5.048135978,6.508033689,5.868722126,-0.076401788,6.284540087,9.24154235,-0.076401788,-0.076401788,3.540922013,-0.076401788,7.085572637,3.937395333,-0.076401788,-0.076401788,7.425164044
B_i01_M04,4.326385414,6.199203525,6.640091381,4.301382116,6.043468275,9.292927774,2.876117946,4.571290963,2.876117946,4.009678419,5.858924092,3.783893132,-0.074390707,-0.074390707,7.353896635
B_i01_M05,4.591643655,5.791222566,6.677008764,2.428756932,5.822721778,9.309330734,2.697140123,5.666412582,2.261610726,4.958023908,5.690294783,5.444019079,3.577725586,-0.142290765,5.980191688
B_i01_M06,6.286044374,-0.064446371,6.363787075,-0.064446371,6.65512372,9.406925032,-0.064446371,-0.064446371,-0.064446371,2.506617073,4.557230707,-0.064446371,-0.064446371,2.886267087,6.178532213
B_i01_M07,5.277987828,4.41472342,5.803878198,4.004055276,5.430004085,9.515279568,3.0613696,4.860587514,3.359936253,5.592564778,5.63324926,3.969096911,2.490605134,3.147521706,5.277987828
B_i01_M08,5.038899324,4.683062663,5.300811914,3.288014436,6.01449975,8.792028128,1.534335806,4.555610097,2.965154867,5.523039404,7.777649038,4.989807738,2.318243659,-0.085635245,4.183532285
B_i01_M09,4.338278278,4.977140996,7.549839262,2.857463662,6.942660126,8.872844829,2.30557798,4.112872879,2.741106182,7.004165761,6.932031089,4.462085949,2.852372364,-0.09828943,5.049903239
B_i01_M10,4.993924004,5.15245296,7.095514391,4.043246495,5.816516512,8.824602168,4.243935576,5.899133639,1.845212637,6.27482751,8.070679659,6.25804411,2.84431655,3.563611186,5.487437684
B_i01_M11,3.767164352,4.427711881,6.900709544,2.961130125,5.093037768,8.709593406,-0.089775276,3.212515247,1.013309362,7.496090324,7.88351015,5.519019945,1.013309362,3.283991274,4.551589914
B_i01_M12,1.866027279,3.139567544,6.188142841,4.183542031,4.031720834,8.834907744,-0.085642335,3.531694953,-0.085642335,6.481976135,7.835570076,5.282216064,1.529076738,-0.085642335,7.085789026
B_i02_M01,-0.045585739,-0.045585739,2.358337667,-0.045585739,2.525484209,9.652759393,-0.045585739,-0.045585739,-0.045585739,1.057450731,1.906009056,-0.045585739,-0.045585739,-0.045585739,2.793867834
B_i02_M02,-0.051362429,1.563309234,1.900154264,-0.051362429,2.519623446,9.622750406,-0.051362429,1.051613219,-0.051362429,1.051613219,2.899271432,-0.051362429,-0.051362429,-0.051362429,5.688495678
B_i02_M03,-0.074253344,-0.074253344,1.877341438,-0.074253344,-0.074253344,9.549712794,-0.074253344,1.028783116,-0.074253344,-0.074253344,-0.074253344,-0.074253344,-0.074253344,-0.074253344,2.128865789
B_i02_M04,2.342683727,-0.061240183,-0.061240183,-0.061240183,5.788914588,9.397655227,-0.061240183,-0.061240183,-0.061240183,-0.061240183,1.041796656,-0.061240183,-0.061240183,-0.061240183,1.890355087
B_i02_M05,3.228569,4.010401833,6.177248908,-0.073628406,6.259113662,9.443346365,2.330272639,4.010401833,-0.073628406,4.867638962,3.228798362,2.765802021,-0.073628406,-0.073628406,6.743467973
B_i02_M06,5.214826117,-0.074952347,5.107768343,-0.074952347,1.87959244,9.410877134,-0.074952347,-0.074952347,-0.074952347,-0.074952347,5.814959864,-0.074952347,-0.074952347,-0.074952347,-0.074952347
B_i02_M07,3.357041464,4.185854226,7.143636412,-0.083361431,5.6884378,9.288300604,2.967475182,2.967475182,-0.083361431,5.196233085,6.648293119,2.119757615,-0.083361431,2.756092035,6.873117529
B_i02_M08,5.199429463,5.517443874,6.433031293,3.856542773,6.770735172,8.851077658,3.386270298,5.443532856,-0.120180837,7.461323495,7.157954335,5.275297523,-0.120180837,3.963800841,6.333550782
B_i02_M09,3.461970167,4.876129079,6.860483811,3.620337216,6.048829323,9.001411309,1.514957512,3.949744253,-0.099641559,7.278919727,7.237861835,4.634136683,-0.099641559,1.514957512,6.801469266
B_i02_M10,6.322915715,6.026209227,6.250633936,3.636675611,6.78236825,8.653790603,3.371939362,6.710772501,2.583256503,7.324902211,6.794427702,6.679118054,3.376453174,2.440092048,6.15412947
B_i02_M11,-0.101546428,3.040259852,7.063560483,2.949260834,3.568444612,8.897608213,-0.101546428,2.849144401,-0.101546428,7.221595411,5.957125299,4.109646064,-0.101546428,-0.101546428,6.085173451
B_i02_M12,4.630297843,4.816893411,6.727788349,4.130767198,6.236356232,8.623286458,2.912501582,4.830978806,0.964587999,7.61534249,7.178057444,6.967376665,2.575790034,-0.138448259,6.61693218
B_i03_M01,1.553797986,-0.060941012,3.08088818,-0.060941012,5.569674645,9.471634194,-0.060941012,2.653624607,-0.060941012,5.789562431,6.317281531,1.042090798,-0.060941012,-0.060941012,6.016403451
B_i03_M02,-0.043081901,-0.043081901,1.908513465,-0.043081901,4.47433461,9.60716247,-0.043081901,-0.043081901,-0.043081901,-0.043081901,-0.043081901,-0.043081901,-0.043081901,-0.043081901,3.855233156
B_i03_M03,-0.044558158,-0.044558158,-0.044558158,-0.044558158,2.795005883,9.599831283,-0.044558158,-0.044558158,-0.044558158,-0.044558158,2.359363676,-0.044558158,-0.044558158,-0.044558158,2.794893787
B_i03_M04,2.975696782,-0.075119822,1.539607849,-0.075119822,3.486763561,9.586193222,-0.075119822,-0.075119822,-0.075119822,2.328784377,4.279801662,1.027902539,-0.075119822,-0.075119822,2.495930625
B_i03_M05,2.995507483,1.04771823,5.254570114,-0.055292415,4.841597625,9.563697134,-0.055292415,-0.055292415,2.147792349,2.147792349,5.452529286,-0.055292415,-0.055292415,-0.055292415,5.617701845
B_i03_M06,3.377616161,1.551974859,5.727643988,-0.06268757,6.632185435,9.407191674,-0.06268757,-0.06268757,1.040280376,4.148551634,4.313321885,-0.06268757,-0.06268757,-0.06268757,5.529969322
B_i03_M07,4.229932916,3.704338213,6.42113228,-0.067169614,5.866473556,9.459373335,-0.067169614,1.036017289,-0.067169614,1.884516202,3.789570204,1.03593774,-0.067169614,-0.067169614,6.48634121
B_i03_M08,4.758378074,3.957178947,7.291372155,-0.092325471,6.437795229,8.963475531,2.110739462,4.468168325,1.010670279,6.162272748,7.497486729,3.957178947,-0.092325471,2.311542497,7.335416147
B_i03_M09,2.956673922,2.620075823,7.185554084,-0.094161136,5.380498342,8.960639617,1.010148428,5.346159231,1.009272027,6.5418206,7.860142309,3.13107765,-0.094161136,4.086751717,6.910969682
B_i03_M10,3.902539846,-0.07414618,6.921699775,-0.07414618,5.026080847,9.176628458,-0.07414618,5.639459181,2.496820076,6.254924074,6.110960457,-0.07414618,-0.07414618,2.496820076,6.825005543
B_i03_M11,4.039360842,3.1920409,6.485246259,3.939266588,5.807107804,8.704547368,2.603948076,6.549183362,0.992785129,7.905024703,7.034396571,6.167304888,-0.11015281,4.007096617,6.941387868
B_i03_M12,3.999830772,4.000065017,6.783725681,2.085573226,4.748824788,8.8523496,2.453517598,5.831844673,1.497215396,6.964865584,7.449659967,6.616486183,0.985850656,3.93200079,6.840828167
B_i04_M01,-0.045171062,-0.045171062,1.569572723,-0.045171062,1.569572723,9.353701516,-0.045171062,1.05786474,-0.045171062,-0.045171062,-0.045171062,-0.045171062,-0.045171062,1.569572723,8.298324946
B_i04_M02,-0.074528811,-0.074528811,-0.074528811,-0.074528811,-0.074528811,9.468711543,-0.074528811,-0.074528811,-0.074528811,-0.074528811,3.782454468,-0.074528811,-0.074528811,-0.074528811,7.643553085
B_i04_M03,2.500541024,-0.070349236,2.333397188,-0.070349236,5.45351229,9.351893261,-0.070349236,-0.070349236,-0.070349236,4.73182269,6.968025753,5.17791666,-0.070349236,2.768921146,7.697827406
B_i04_M04,2.897954647,-0.052750806,-0.052750806,-0.052750806,2.897954647,9.466009388,-0.052750806,-0.052750806,-0.052750806,5.342904287,6.870571144,3.803870001,-0.052750806,2.787922008,7.382191934
B_i04_M05,-0.046648205,-0.046648205,1.568089509,-0.046648205,3.095065542,9.460546503,-0.046648205,-0.046648205,-0.046648205,3.570595871,7.03903205,3.766371589,-0.046648205,-0.046648205,7.584932907
B_i04_M06,2.494980711,2.327835404,7.110597838,1.026969905,4.545706784,9.365494453,2.327835404,-0.076007256,-0.076007256,3.42684293,6.910602805,3.364309826,-0.076007256,3.822220181,6.880383134
B_i04_M07,3.777244301,2.491678242,5.343308332,1.023644594,3.222829405,9.365748037,3.14584878,5.735359945,-0.079392321,5.045191543,6.632868305,4.522290402,-0.079392321,3.897404531,7.050904759
B_i04_M08,3.063780917,1.536804786,6.431917828,-0.077347725,4.102838978,8.997663752,1.536804786,6.901142806,-0.077347725,6.643918326,7.854296954,3.42487165,-0.077347725,3.820242503,7.426510271
B_i04_M09,4.992820062,4.540072754,6.795248924,2.320443913,5.628187943,9.0663895,3.586525853,7.153685962,2.967346728,3.814817815,7.410297546,2.755966297,-0.083257635,-0.083257635,7.222244577
B_i04_M11,-0.093818784,-0.093818784,7.15948211,-0.093818784,4.46692307,9.137854528,-0.093818784,5.077865423,-0.093818784,6.187867958,5.500341721,5.255420129,-0.093818784,-0.093818784,7.617383095
B_i04_M12,3.450341771,-0.11129708,6.65790018,3.03039169,4.289547604,9.197093862,-0.11129708,4.912415227,-0.11129708,6.612975026,5.975096561,4.604650188,1.503324355,2.091685311,7.202376121
B_i05_M01,-0.05567286,-0.05567286,-0.05567286,-0.05567286,3.993890088,9.502967593,-0.05567286,-0.05567286,-0.05567286,-0.05567286,3.318827866,-0.05567286,-0.05567286,-0.05567286,7.498980203
B_i05_M02,-0.038074295,-0.038074295,-0.038074295,-0.038074295,3.258694952,9.564877493,-0.038074295,-0.038074295,-0.038074295,-0.038074295,3.098346068,-0.038074295,-0.038074295,-0.038074295,7.494028733
B_i05_M03,-0.031065908,-0.031065908,-0.031065908,-0.031065908,1.583677272,9.650075418,-0.031065908,-0.031065908,-0.031065908,-0.031065908,1.072048936,-0.031065908,-0.031065908,-0.031065908,6.400419609
B_i05_M04,1.90807268,-0.043495501,1.571224235,-0.043495501,3.518262583,9.595108859,-0.043495501,-0.043495501,-0.043495501,2.159596051,5.629506364,2.527655751,-0.043495501,2.360399688,6.610782275
B_i05_M05,5.658698691,1.041474923,4.088017545,-0.061640749,5.228157882,9.386994659,1.556928913,-0.061640749,-0.061640749,6.590070067,7.047481607,3.312055682,-0.061640749,2.777812339,6.648167696
B_i05_M06,4.31972105,3.857049764,4.756334301,1.53347487,5.277180053,9.341161184,-0.081244955,-0.081244955,-0.081244955,5.570776747,6.59126625,5.39338548,-0.081244955,-0.081244955,7.614721185
B_i05_M07,-0.054195989,1.047901169,6.756743555,1.047901169,2.515575344,9.376204733,-0.054195989,6.545433104,-0.054195989,5.867214792,7.175776382,-0.054195989,-0.054195989,-0.054195989,6.35954698
B_i05_M08,3.642613085,1.025791529,6.786695586,2.125743341,5.485992672,8.916508914,-0.076850131,7.35140964,-0.076850131,7.231006136,7.302558384,3.735716561,-0.076850131,-0.076850131,7.189706221
B_i05_M09,3.580220439,3.13544169,6.872411154,1.861810097,5.278086501,8.917545175,1.861810097,7.3639893,1.013277885,6.711641907,7.086169749,4.728956463,-0.089666675,-0.089666675,7.221455284
B_i05_M10,5.17076986,4.131815064,6.909012154,4.941186693,5.577954219,8.40635878,1.842771987,7.288598566,1.842771987,7.667179936,7.286127894,5.699902569,-0.108810528,3.033011642,6.560928388
B_i05_M11,4.892481699,5.333868724,7.002927836,3.282873301,6.435261743,8.424371355,2.246393794,7.176218149,-0.157528191,7.300917602,7.229974119,6.138802515,2.246393794,3.610261991,6.816060112
B_i05_M12,3.649961363,4.865483996,6.719275062,3.02766114,5.130981403,8.736297346,0.985259071,5.211773225,1.833784846,7.598996954,7.642844523,5.726506326,2.08530378,-0.117662833,6.541649369
B_i06_M01,-0.088774474,-0.088774474,1.862805597,-0.088774474,-0.088774474,9.242487447,-0.088774474,1.525956364,-0.088774474,1.525956364,7.168468152,-0.088774474,-0.088774474,-0.088774474,3.767844696
B_i06_M02,-0.055856447,-0.055856447,-0.055856447,-0.055856447,2.783597753,9.246831814,-0.055856447,-0.055856447,-0.055856447,1.558888673,7.104601808,-0.055856447,-0.055856447,-0.055856447,6.423109254
B_i06_M03,-0.036078177,-0.036078177,1.574955998,-0.036078177,-0.036078177,9.43892622,-0.036078177,-0.036078177,-0.036078177,-0.036078177,5.175155192,-0.036078177,-0.036078177,-0.036078177,7.478295216
B_i06_M04,-0.065196436,-0.065196436,-0.065196436,-0.065196436,-0.065196436,9.529042032,-0.065196436,1.038236704,-0.065196436,1.037838846,3.911598017,-0.065196436,-0.065196436,-0.065196436,6.720208122
B_i06_M05,-0.041420178,-0.041420178,-0.041420178,-0.041420178,1.061642598,9.579251561,-0.041420178,-0.041420178,-0.041420178,-0.041420178,1.909901936,-0.041420178,-0.041420178,-0.041420178,7.354451008
B_i06_M07,3.724374461,-0.043163749,-0.043163749,-0.043163749,5.521549183,9.534899218,-0.043163749,1.571468338,-0.043163749,1.05977889,2.159830471,-0.043163749,-0.043163749,-0.043163749,2.159830471
B_i06_M08,5.10161917,3.083574827,3.955579524,1.044791978,4.292085791,9.611244909,2.99268934,4.543419124,-0.058206194,4.480894498,3.559106306,4.238735148,-0.058206194,-0.058206194,2.345665072
B_i06_M09,1.892864363,2.512131295,5.135034956,-0.058883453,3.879382969,9.452112134,2.512131295,-0.058883453,1.044113083,5.021173409,7.699277236,2.891780037,-0.058883453,-0.058883453,5.779549006
B_i06_M10,3.48985249,3.784700041,6.094605866,-0.071909759,6.253767558,9.444618283,2.331989329,4.139286858,-0.071909759,4.549747821,3.301761351,3.069900527,-0.071909759,-0.071909759,6.779500931
B_i06_M11,4.032121581,3.584749106,6.359095753,3.056565439,6.513019322,9.226668881,2.117854945,4.516408566,1.529488575,7.224639166,6.037351064,3.891523507,1.529488575,-0.08518186,6.95925477
B_i06_M12,4.290758253,4.238794065,6.836237102,2.117885953,6.433248233,9.082648288,2.485836157,3.292148657,1.017807173,7.251139184,6.818081485,3.634805149,-0.085217538,-0.085217538,7.053087059
B_i07_M01,1.550673754,1.038967119,3.749304674,-0.064061906,4.633843272,9.630557599,-0.064061906,2.339959662,-0.064061906,4.179269237,2.886647668,1.88752333,-0.064061906,-0.064061906,3.792563157
B_i07_M02,-0.140477053,-0.140477053,-0.140477053,-0.140477053,3.874174067,9.458009919,-0.140477053,-0.140477053,5.129627611,-0.140477053,-0.140477053,-0.140477053,-0.140477053,-0.140477053,-0.140477053
B_i07_M03,-0.047934354,-0.047934354,1.566809663,-0.047934354,4.921492321,9.348601478,-0.047934354,-0.047934354,5.947638749,1.055101642,-0.047934354,-0.047934354,-0.047934354,-0.047934354,2.666303572
B_i07_M04,4.382023786,-0.043235807,-0.043235807,-0.043235807,3.007475216,9.579651858,-0.043235807,-0.043235807,-0.043235807,1.571403087,-0.043235807,-0.043235807,-0.043235807,-0.043235807,7.010140764
B_i07_M05,-0.06013203,-0.06013203,1.554458483,-0.06013203,5.58463642,9.56017443,-0.06013203,-0.06013203,1.042775934,3.081519806,1.891297749,-0.06013203,-0.06013203,-0.06013203,5.899531253
B_i07_M07,6.245931021,4.554458217,5.66597545,-0.086834292,7.520192395,9.176157544,-0.086834292,-0.086834292,3.286861385,1.016201311,1.016201311,-0.086834292,-0.086834292,-0.086834292,5.150866656
B_i07_M08,5.779849445,6.304157364,6.440262546,-0.104580767,6.142395207,9.275695889,2.466786883,6.648536671,4.320892398,5.022930389,3.120740566,1.510231283,2.466566961,-0.104580767,6.547214674
B_i07_M09,4.095556014,2.965360972,6.282444209,-0.085474457,6.910482318,9.190987461,-0.085474457,7.66398623,2.628762865,4.474960496,5.108502042,-0.085474457,-0.085474457,-0.085474457,6.476500635
B_i07_M10,5.744590401,6.479390214,6.610986959,1.520967108,6.691504419,9.013140043,3.131344221,7.352869758,5.301769099,5.945797599,5.372284892,-0.093755134,-0.093755134,-0.093755134,6.133423016
B_i07_M11,4.615019503,4.293096452,6.152230214,-0.082897291,7.05222289,9.288594089,2.488173194,6.017287098,4.128326237,5.761443426,4.843664937,1.020139567,-0.082897291,-0.082897291,6.361473321
B_i07_M12,4.003225359,3.292867869,7.059090598,-0.080829703,5.156873198,9.013406776,-0.080829703,7.282713942,1.533915417,5.28706106,5.385357313,-0.080829703,-0.080829703,-0.080829703,7.435131562
B_i08_M01,4.020287977,-0.063765142,-0.063765142,-0.063765142,-0.063765142,9.133917438,-0.063765142,-0.063765142,-0.063765142,1.550978394,-0.063765142,-0.063765142,-0.063765142,1.550978394,6.957670917
B_i08_M02,-0.061360393,-0.061360393,2.889360291,-0.061360393,5.782980324,9.152303393,-0.061360393,-0.061360393,-0.061360393,-0.061360393,-0.061360393,-0.061360393,-0.061360393,-0.061360393,7.044465428
B_i08_M03,5.909974062,-0.075511364,2.975313356,1.539223131,6.843841251,9.352434825,-0.075511364,2.127596577,2.764042444,2.638715462,2.977811899,-0.075511364,-0.075511364,-0.075511364,7.023673226
B_i08_M04,2.107804694,-0.095575357,7.171983615,-0.095575357,4.30571088,9.15231279,-0.095575357,4.831277465,-0.095575357,6.155500399,5.244032361,5.09869416,-0.095575357,2.107804694,7.659698831
B_i08_M06,5.390173738,-0.050148832,7.187038958,-0.050148832,7.452574265,9.295477412,-0.050148832,-0.050148832,-0.050148832,-0.050148832,-0.050148832,-0.050148832,-0.050148832,-0.050148832,4.973716667
B_i08_M07,5.575830551,4.820587371,6.480048772,-0.076451839,7.120959727,9.321365535,2.494721215,-0.076451839,4.192874009,4.34904842,3.426708193,-0.076451839,-0.076451839,-0.076451839,4.774541066
B_i08_M08,2.985048856,-0.065787334,7.208361879,-0.065787334,7.432482851,9.281243738,-0.065787334,-0.065787334,1.548956805,2.773777809,4.284560682,-0.065787334,-0.065787334,-0.065787334,6.902130846
B_i08_M09,6.110976426,2.934723461,6.587498868,-0.116166156,6.855473432,9.220032063,3.860567702,1.835374133,3.5011403,5.232702207,3.651447186,-0.116166156,-0.116166156,-0.116166156,6.057902038
B_i08_M10,5.384508712,4.711975277,7.07785619,-0.090386453,5.712276988,9.305979759,3.847935447,3.959291694,3.134850946,3.847935447,4.643568686,-0.090386453,-0.090386453,-0.090386453,6.318145555
B_i08_M11,-0.108524981,-0.108524981,6.224001569,-0.108524981,5.039489803,9.34682648,-0.108524981,4.131877697,1.506026967,5.846119356,5.514611428,3.905080882,-0.108524981,-0.108524981,7.175078599
B_i08_M12,3.197369371,2.469964754,5.834004738,-0.104847082,5.29990989,9.379927873,0.998265722,4.646651779,2.466218426,5.807120921,5.635096973,-0.104847082,-0.104847082,-0.104847082,6.845857905
B_i09_M01,-0.049500146,-0.049500146,2.521431181,-0.049500146,3.670393254,9.38813942,-0.049500146,-0.049500146,-0.049500146,-0.049500146,6.554836997,-0.049500146,-0.049500146,2.66459829,7.916601759
B_i09_M02,2.626831785,-0.09341264,6.394764652,-0.09341264,2.620808487,9.357581388,-0.09341264,1.521316965,-0.09341264,4.528252895,6.982215431,-0.09341264,-0.09341264,-0.09341264,7.308915176
B_i09_M03,-0.0889587,1.862270362,6.157507747,-0.0889587,3.527994733,9.364314664,-0.0889587,-0.0889587,-0.0889587,4.662122313,6.218018404,-0.0889587,-0.0889587,-0.0889587,7.742946864
B_i09_M04,2.335663091,-0.068130219,6.130704981,-0.068130219,5.850251368,9.342369097,-0.068130219,-0.068130219,-0.068130219,4.049123589,5.71598802,3.372134349,-0.068130219,-0.068130219,7.929607455
B_i09_M05,2.109870746,2.746203169,6.692153722,1.521499595,6.924584361,8.496287748,-0.093214128,7.582401518,-0.093214128,7.978325124,6.78963413,5.751087593,2.111566899,-0.093214128,6.172945202
B_i09_M06,1.523967462,2.480292894,6.936036745,1.523967462,6.802376835,8.66653393,1.01225927,6.725987107,-0.090777578,7.908456361,7.305411814,5.091964343,-0.090777578,-0.090777578,6.59669833
B_i09_M07,2.452701902,3.647546177,6.813070174,2.450940961,6.114997601,8.656627122,-0.120124817,6.926154184,-0.120124817,7.377025336,7.559254445,5.651670025,2.450940961,4.352331845,6.41590882
B_i09_M08,2.10750354,1.519160819,6.589307852,1.007500531,5.725085474,8.79687058,-0.095295562,7.001520838,-0.095295562,7.73060739,7.509369795,4.928212046,-0.095295562,2.743819254,6.527268224
B_i09_M09,2.100208,3.03866881,6.955284034,2.099996191,6.254903273,8.433146863,1.000058679,7.456230182,1.000058679,7.815121906,7.308925611,5.723498826,1.000058679,3.03866881,6.569109699
B_i09_M10,2.725354442,3.969954744,6.819099636,2.289824684,6.355548243,8.532115707,1.500647253,7.572701669,-0.11408708,7.34897982,7.369563814,6.008406642,1.837496734,3.824225398,6.511259253
B_i09_M11,3.839402252,3.799508269,5.587856241,3.341480225,4.225106195,8.276629825,1.515821751,3.462865445,-0.098923096,6.112250598,5.287573088,4.350279703,2.104196341,-0.098923096,5.531699836
B_i09_M12,-0.209336847,3.407967926,5.607964359,-0.209336847,4.609358011,8.912046296,-0.209336847,4.773915468,1.742201958,6.974240613,6.416075991,4.285789705,-0.209336847,3.729391218,6.795730513
B_i10_M02,-0.043028093,-0.043028093,2.360913981,-0.043028093,2.360805685,9.508503083,-0.043028093,-0.043028093,-0.043028093,1.060022088,1.059942544,-0.043028093,-0.043028093,-0.043028093,6.997884522
B_i10_M03,-0.07334382,-0.07334382,-0.07334382,-0.07334382,1.544454633,9.534105931,-0.07334382,-0.07334382,-0.07334382,-0.07334382,3.646690231,-0.07334382,-0.07334382,-0.07334382,5.442759368
B_i10_M04,-0.040401369,-0.040401369,-0.040401369,1.574343739,3.679639127,9.566648867,-0.040401369,-0.040401369,2.673837828,-0.040401369,5.44266414,1.574343739,-0.040401369,-0.040401369,6.719658444
B_i10_M05,2.147530478,2.658649904,2.515481268,1.896006138,4.746776189,9.380274624,-0.055588352,1.559155949,1.896006138,2.783864886,3.882736327,2.149226638,1.04744788,-0.055588352,5.794565512
B_i10_M06_1,2.112091458,3.765184967,6.714202762,2.479684344,7.395697186,8.782499023,1.523503783,7.298517727,1.860286736,4.743423233,7.152927243,2.859305975,2.312554246,2.480014215,6.779188548
B_i10_M06_2,2.75866306,2.75866306,6.591503539,1.870819194,6.434706445,9.134666614,1.022294728,7.312914267,-0.080622567,4.00325647,6.879506082,2.323138585,1.533979134,1.0284566,7.121010509
B_i10_M07,-0.072922111,-0.072922111,7.530200056,1.54190601,5.717853052,8.68100324,-0.072922111,6.89699476,-0.072922111,7.100071915,7.162920134,2.978013956,-0.072922111,-0.072922111,6.971711194
B_i10_M09,1.526624231,2.482949627,7.569625686,-0.08812057,6.200763049,8.766873399,-0.08812057,7.177620131,-0.08812057,6.786476186,7.869713482,4.429295549,2.315803081,-0.08812057,6.942261724
B_i10_M10,2.314646488,2.4817884,7.306625367,-0.088974147,6.26470017,9.141071392,1.013839943,5.023229387,-0.088974147,6.541378845,6.917650691,3.630740927,3.413639304,1.525599177,6.632697731
B_i10_M11,3.712314884,3.797368254,7.19392269,2.10217298,6.633106618,8.813970797,1.513893775,7.079636062,1.002090266,7.248457718,6.654434607,4.459490145,3.460842072,-0.100946318,6.916890835
B_i10_M12,1.02366598,3.293769323,6.584642139,1.023824987,6.006559519,9.231961387,1.871869002,2.123440094,-0.078120842,6.294816231,6.392774529,4.069696565,2.324100846,2.123440094,7.64665302
B_i11_M01,-0.080836869,3.221379517,-0.080836869,-0.080836869,4.216156202,9.478510412,-0.080836869,2.969995205,-0.080836869,-0.080836869,2.323190397,-0.080836869,-0.080836869,-0.080836869,7.594812411
B_i11_M02,-0.052568005,-0.052568005,-0.052568005,-0.052568005,-0.052568005,9.444832318,-0.052568005,-0.052568005,-0.052568005,4.569116692,6.686264431,-0.052568005,-0.052568005,-0.052568005,7.24911353
B_i11_M03,-0.048992943,-0.048992943,3.927603741,-0.048992943,4.100465739,9.511387625,-0.048992943,-0.048992943,-0.048992943,-0.048992943,2.665055793,-0.048992943,-0.048992943,-0.048992943,7.358049349
B_i11_M04,4.760271267,-0.058464008,2.655640525,-0.058464008,4.183913338,9.523906784,-0.058464008,-0.058464008,-0.058464008,1.556165572,4.527271819,1.893314081,-0.058464008,-0.058464008,6.706108373
B_i11_M05,5.135542725,-0.069521592,4.79684344,-0.069521592,5.936002288,9.51698353,-0.069521592,4.590979722,-0.069521592,3.433390149,-0.069521592,-0.069521592,-0.069521592,-0.069521592,4.871508639
B_i11_M06,3.846136029,-0.051519785,6.262524566,-0.051519785,5.405449906,9.425832573,-0.051519785,4.844741415,-0.051519785,-0.051519785,-0.051519785,-0.051519785,-0.051519785,-0.051519785,7.308795473
B_i11_M07,3.644229268,-0.075801419,7.005048318,-0.075801419,6.516980688,9.34156499,-0.075801419,3.149430016,-0.075801419,-0.075801419,-0.075801419,-0.075801419,-0.075801419,-0.075801419,5.72685583
B_i11_M08,6.137237516,4.059571123,7.562869351,-0.125835765,6.891134005,8.824541217,-0.125835765,6.15632247,-0.125835765,-0.125835765,5.255941341,-0.125835765,-0.125835765,-0.125835765,6.983013678
B_i11_M09,4.99406762,4.542061995,5.999612237,-0.117779211,6.286743108,9.285063916,0.984795148,4.695180685,-0.117779211,4.667231771,3.779857505,-0.117779211,-0.117779211,-0.117779211,6.643920054
B_i11_M10,4.351449086,5.532987724,6.546124781,2.953083858,5.922574427,9.203648212,3.464035081,5.401909704,2.105367217,6.97801216,5.442238821,-0.097738766,-0.097738766,-0.097738766,6.506130991
B_i11_M11,4.369784858,5.499344069,6.103069521,2.760013341,6.399552326,9.400117043,1.535236427,4.787210739,1.872114146,5.91616064,5.045168358,-0.079895576,-0.079895576,1.535236427,5.627636855
B_i11_M12,4.076960441,5.901618879,6.287883441,3.709177818,5.655249092,9.009791109,4.246398874,4.165381438,-0.105790855,7.706951238,6.837092279,3.336417628,-0.105790855,4.321442002,5.483706695
B_i12_M01,-0.058750897,-0.058750897,-0.058750897,-0.058750897,3.444100555,8.669792972,-0.058750897,-0.058750897,-0.058750897,-0.058750897,8.166845497,-0.058750897,-0.058750897,-0.058750897,8.756308237
B_i12_M02,-0.126025722,-0.126025722,-0.126025722,-0.126025722,-0.126025722,9.059143033,-0.126025722,-0.126025722,-0.126025722,-0.126025722,7.034432291,-0.126025722,-0.126025722,4.023633497,8.414259273
B_i12_M03,-0.056366399,-0.056366399,1.895936891,-0.056366399,4.927770824,9.400523728,-0.056366399,-0.056366399,-0.056366399,2.65864325,2.14748732,1.559039715,-0.056366399,-0.056366399,8.157669891
B_i12_M04,3.800778791,-0.055853693,2.515212967,-0.055853693,5.019634369,9.596070827,-0.055853693,1.895738047,-0.055853693,-0.055853693,1.55888804,-0.055853693,-0.055853693,-0.055853693,6.214157384
B_i12_M05,2.82192435,4.140429414,5.248452202,-0.129029046,4.320416689,9.243735528,-0.129029046,-0.129029046,-0.129029046,6.117653868,6.642877116,-0.129029046,-0.129029046,2.275118256,7.083476132
B_i12_M06,3.538385039,4.24504887,7.064129684,3.223235543,6.160086499,9.292513739,1.535721587,1.535721587,-0.079208082,5.240824215,6.628374614,2.977993899,-0.079208082,-0.079208082,6.865929767
B_i12_M07,4.248485327,5.103345113,7.046006374,2.612371966,7.113361933,8.81845046,1.849723365,3.754772209,1.512869548,6.710481699,7.474134812,4.632095323,2.10124972,4.109359594,6.398510282
B_i12_M08,3.409458653,4.445684365,6.940466886,2.310431534,6.037826862,9.204986001,-0.093706932,5.558581164,-0.093706932,5.154869257,6.917126365,4.466963312,-0.093706932,4.307523126,7.160946155
B_i12_M09,2.961777909,3.88772723,6.777161664,-0.088720272,5.870780413,8.498095656,1.015352894,7.723432816,-0.088720272,7.803256362,6.935930235,3.724076826,1.014078783,2.482021491,6.723268951
B_i12_M10,3.548265169,4.819298828,6.688489105,3.251941173,5.751321646,8.414585398,0.981289156,5.969356653,-0.121728363,7.333202255,7.164875945,6.899680666,1.492993501,4.175241542,6.723270375
B_i12_M11,3.099036069,5.10074228,7.243697237,1.488551265,6.920076416,8.04065242,2.277722534,6.622114772,0.976852393,7.341483551,7.10079085,6.310420028,-0.12613761,2.924632855,7.072598935
B_i12_M12,3.776348159,3.816358757,6.570514789,2.081155825,5.93804307,8.544914945,-0.121934476,5.86353117,0.981080328,7.688910751,7.120996659,6.69919773,-0.121934476,-0.121934476,6.705762352
B_i13_M03,-0.044636698,-0.044636698,-0.044636698,-0.044636698,-0.044636698,9.623598448,-0.044636698,-0.044636698,-0.044636698,-0.044636698,1.907264191,-0.044636698,-0.044636698,-0.044636698,6.780908658
B_i14_M01,3.189523586,-0.035713285,-0.035713285,-0.035713285,-0.035713285,9.62047408,-0.035713285,-0.035713285,-0.035713285,-0.035713285,2.175598425,-0.035713285,-0.035713285,-0.035713285,5.052275278
B_i14_M02,4.260791302,-0.036160369,-0.036160369,-0.036160369,-0.036160369,9.618306685,-0.036160369,-0.036160369,-0.036160369,-0.036160369,-0.036160369,-0.036160369,-0.036160369,-0.036160369,5.693325954
B_i14_M03,2.862180905,1.014680078,5.427447213,-0.088458769,4.06111647,9.178191019,-0.088458769,-0.088458769,-0.088458769,7.03378107,6.708175182,5.806945174,-0.088458769,1.868701762,7.293963348
B_i14_M04,2.488721647,1.532289095,6.239515069,-0.082437417,4.858595535,9.351795248,-0.082437417,-0.082437417,-0.082437417,2.756994913,6.852819282,2.489491712,-0.082437417,-0.082437417,7.316196485
B_i14_M05,4.518523305,1.019907339,5.980238025,-0.083067626,4.953864606,9.214124628,-0.083067626,3.81515659,-0.083067626,7.120150962,6.560718763,2.487917305,-0.083067626,1.531603218,7.532951575
B_i14_M06,4.403857735,2.479738076,6.628243552,-0.091310985,5.831479666,9.108997413,2.312591849,5.553626588,-0.091310985,4.334056624,7.306208793,2.479738076,-0.091310985,-0.091310985,7.617396716
B_i14_M07,3.480739237,1.533271139,7.069378495,-0.08075025,5.006344721,9.271419058,1.02168306,2.489485873,-0.08075025,6.084059138,6.625818816,-0.08075025,-0.08075025,-0.08075025,6.888160405
B_i14_M08,3.604999856,2.600979581,6.469440776,0.988558156,4.719849586,9.00464611,-0.115025409,3.652635385,-0.115025409,7.127923184,6.765780266,3.969014293,-0.115025409,1.837067412,6.999008662
B_i14_M09,4.036331022,2.937508961,6.927683275,0.989708871,4.21070119,8.968393632,0.989708871,4.602771848,-0.11332722,7.156626154,6.33423717,3.971077822,-0.11332722,-0.11332722,6.990844552
B_i14_M10,4.381769967,3.926667098,6.567038035,4.739540905,5.152513441,8.677294876,-0.157367511,5.872672948,-0.157367511,7.264412448,6.562189502,6.621169315,0.945655504,2.246537578,7.071072318
B_i14_M11,4.726306067,3.347474283,6.501427508,1.459340856,4.726306067,8.870698801,2.047684879,5.154430305,-0.155127308,6.559232998,6.440074424,5.004411948,1.79617143,-0.155127308,6.889057027
B_i14_M12,4.366246041,3.611903472,6.69991475,1.458984987,4.992480725,8.882187934,-0.155703409,4.907059565,-0.155703409,6.176993178,6.083290572,5.496279197,-0.155703409,-0.155703409,6.862063492
B_i15_M01,-0.043849124,-0.043849124,1.571372112,-0.043849124,4.822776925,8.736436858,-0.043849124,1.570990537,-0.043849124,-0.043849124,1.059266646,-0.043849124,-0.043849124,-0.043849124,6.600147733
B_i15_M02,-0.049950574,-0.049950574,1.901587861,-0.049950574,3.452921994,9.479790574,-0.049950574,1.901587861,-0.049950574,1.901587861,-0.049950574,1.56474139,-0.049950574,-0.049950574,7.889331368
B_i15_M04,-0.095483063,1.519353073,2.112517434,-0.095483063,2.955462535,9.591666254,-0.095483063,1.007629766,-0.095483063,1.007629766,1.519353073,-0.095483063,-0.095483063,-0.095483063,4.992622796
B_i15_M05,-0.034876267,-0.034876267,2.168243422,-0.034876267,3.582492608,9.672205845,-0.034876267,1.579868807,-0.034876267,2.168349327,1.916719051,-0.034876267,-0.034876267,-0.034876267,5.396674204
B_i15_M06,1.558570371,-0.056174748,7.108963726,-0.056174748,6.598134675,9.316686698,-0.056174748,1.046862167,-0.056174748,2.514895816,5.850334121,-0.056174748,-0.056174748,-0.056174748,7.640737871
B_i15_M07,3.625943301,1.857511271,6.632742031,-0.093988609,5.225703687,8.897598459,-0.093988609,5.983252437,-0.093988609,7.344417784,6.80109555,4.846956904,-0.093988609,-0.093988609,6.984946103
B_i15_M08,4.260985828,2.75044193,7.089681786,-0.089042707,5.19022936,8.96661098,-0.089042707,7.217212366,1.525442173,5.372907378,5.534010275,2.625004316,-0.089042707,-0.089042707,7.429876144
B_i15_M09,2.872600215,1.873476867,6.908934567,-0.078098905,4.191095002,9.27136605,1.873476867,5.126968525,-0.078098905,5.718447908,7.678258444,1.536627919,-0.078098905,-0.078098905,6.431288049
B_i15_M10,1.531439079,1.531439079,6.551168657,-0.082974276,3.684297178,9.157980824,1.536608251,5.881649852,-0.082974276,7.49419656,7.037192237,3.478412182,-0.082974276,-0.082974276,7.193549744
B_i15_M11,1.513037439,1.510745623,6.859751268,-0.102504184,2.735192236,9.286734011,-0.102504184,6.106806582,-0.102504184,5.751569505,6.822925232,1.847489582,-0.102504184,-0.102504184,6.913587069
B_i15_M12,2.857769838,3.524417605,6.865443731,2.31097368,4.944072709,9.040527219,2.746503369,4.623148685,-0.09293611,7.206010563,7.076845159,4.424464937,-0.09293611,-0.09293611,7.199298878
B_i16_M01,-0.053424325,-0.053424325,2.786159748,-0.053424325,6.250440129,9.503341126,-0.053424325,-0.053424325,-0.053424325,1.898289385,2.786159748,-0.053424325,-0.053424325,-0.053424325,7.226431145
B_i16_M02,-0.025632353,-0.025632353,1.58920759,-0.025632353,2.688828569,9.67960977,-0.025632353,-0.025632353,-0.025632353,1.077404106,3.34806456,-0.025632353,-0.025632353,-0.025632353,6.088004757
B_i16_M03,-0.083602774,-0.083602774,5.694562382,-0.083602774,5.185797559,9.397648506,1.01943167,1.867989419,-0.083602774,-0.083602774,6.35111775,-0.083602774,-0.083602774,-0.083602774,7.531394343
B_i16_M04,4.542869607,-0.058811653,5.473243108,-0.058811653,6.218792432,9.444162032,-0.058811653,-0.058811653,-0.058811653,-0.058811653,5.791341757,1.044224274,-0.058811653,-0.058811653,7.241509718
B_i16_M05,5.152943732,-0.074001271,5.375012725,-0.074001271,7.138253874,9.35249476,-0.074001271,2.497064907,1.029032471,2.765448458,4.776758692,-0.074001271,-0.074001271,-0.074001271,6.608438494
B_i16_M06,2.975338795,1.876117787,6.716701005,-0.075287572,6.723009657,9.393696679,-0.075287572,-0.075287572,-0.075287572,-0.075287572,3.594518424,-0.075287572,-0.075287572,-0.075287572,6.573599051
B_i16_M07,3.830369352,2.982892684,6.841419272,-0.067908236,6.543972169,9.318681338,1.546806247,5.044588795,-0.067908236,1.546806247,4.49828028,-0.067908236,-0.067908236,-0.067908236,7.20060562
B_i16_M08,4.520805184,5.055611695,7.776242686,2.122454035,6.428532218,9.117622261,3.639162972,6.023811512,-0.080877427,3.536491392,5.219023699,2.323046482,-0.080877427,-0.080877427,6.80612937
B_i16_M09,2.327351273,1.537647451,7.122786908,-0.075378136,5.795559837,9.183948386,-0.075378136,4.620411299,-0.075378136,4.773256319,7.359808881,2.326593044,-0.075378136,3.972077249,7.496964744
B_i16_M10,5.179568783,5.734692007,6.448896576,-0.110098808,6.780877951,9.206492546,4.36223161,5.437636077,3.507256663,4.158986593,4.186768656,6.402172307,-0.110098808,-0.110098808,6.87087078
B_i16_M11,5.94723939,5.923422451,7.104851592,2.723177844,6.752056468,9.00517147,3.553744768,6.498462656,3.740359475,5.833609174,6.302159476,5.399713694,1.835320782,-0.116256401,6.653073917
B_i16_M12,5.44975964,5.494712073,6.605475677,3.440433762,6.568616187,8.991463651,2.59881067,6.742770545,3.381582515,5.625035967,6.786489316,4.57655396,0.981804751,-0.120961535,6.846553172
B_i17_M07,4.396243371,2.329440144,5.637499507,-0.076217137,5.398443456,9.465801194,2.126901453,1.026818915,1.875377121,2.494852234,3.541150536,-0.076217137,-0.076217137,-0.076217137,6.186148552
B_i18_M02,-0.046124713,-0.046124713,4.003440244,-0.046124713,3.179116389,9.542063492,-0.046124713,5.34037181,3.892200969,3.256097014,-0.046124713,-0.046124713,-0.046124713,-0.046124713,6.764002831
B_i18_M03,2.518890051,-0.051939036,3.450744296,-0.051939036,3.450744296,9.608236209,-0.051939036,-0.051939036,-0.051939036,-0.051939036,2.519439946,-0.051939036,-0.051939036,-0.051939036,6.749167688
B_i18_M04,5.197408263,-0.132193457,5.350866417,-0.132193457,5.526896504,9.435215978,-0.132193457,-0.132193457,2.438871867,-0.132193457,-0.132193457,-0.132193457,-0.132193457,-0.132193457,4.449073403
B_i18_M05,-0.051059742,-0.051059742,4.998951757,-0.051059742,4.421519135,9.632469432,-0.051059742,-0.051059742,-0.051059742,-0.051059742,5.415126666,-0.051059742,-0.051059742,-0.051059742,5.504619643
B_i18_M06,4.202875052,-0.066356314,5.046193793,-0.066356314,4.382861796,9.532670923,-0.066356314,1.036690724,-0.066356314,-0.066356314,4.083318055,-0.066356314,-0.066356314,-0.066356314,6.737104776
B_i18_M08,2.965593827,3.288452669,6.31328733,-0.085143256,5.074635113,9.449493466,-0.085143256,6.072207632,-0.085143256,1.52951755,5.501086396,2.117882856,-0.085143256,-0.085143256,6.847951761
B_i18_M09,3.075271151,2.338230062,6.301351253,-0.066471266,6.240833869,9.42962128,-0.066471266,4.493868382,1.885039735,1.036579493,4.768321675,-0.066471266,-0.066471266,-0.066471266,7.26322644
B_i18_M10,5.872043596,4.337578419,6.456947686,2.316111825,6.445302609,9.274209496,4.451345865,6.981003395,3.996242869,5.139137532,4.680934882,-0.08781211,-0.08781211,-0.08781211,5.892610223
B_i18_M11,4.260506648,2.887200894,5.226276175,-0.063444465,4.615873405,9.424464473,1.551236917,3.656518406,-0.063444465,6.159817476,5.761022131,-0.063444465,-0.063444465,-0.063444465,6.721883058
B_i18_M12,3.46474813,3.28277025,7.16588091,-0.09702164,5.466390944,9.186183871,1.006002139,2.306884489,-0.09702164,5.443070355,6.728505184,3.623580677,-0.09702164,-0.09702164,7.493849788
B_i19_M01,-0.057003827,4.123909753,4.926312302,-0.057003827,4.745360069,9.494505822,-0.057003827,-0.057003827,-0.057003827,2.782448798,5.417774943,-0.057003827,-0.057003827,1.894590105,7.074901897
B_i19_M02,-0.046477384,-0.046477384,-0.046477384,-0.046477384,4.222738637,9.623539971,-0.046477384,-0.046477384,-0.046477384,-0.046477384,3.095586563,3.891847894,-0.046477384,-0.046477384,6.331752377
B_i19_M03,-0.051831433,1.051283915,4.4207464,-0.051831433,3.761428624,9.513162086,-0.051831433,-0.051831433,-0.051831433,1.051283915,3.250503362,1.90385866,-0.051831433,-0.051831433,6.118216222
B_i19_M04,-0.066121736,3.236093187,1.548617726,-0.066121736,4.406333066,9.557438553,-0.066121736,-0.066121736,2.774222973,-0.066121736,3.947713986,2.984708891,-0.066121736,-0.066121736,6.985400183
B_i19_M05,3.662629866,1.894172105,3.504262108,-0.057515153,7.000952428,9.509042398,-0.057515153,-0.057515153,-0.057515153,-0.057515153,2.513544374,2.346506286,-0.057515153,-0.057515153,6.925444428
B_i19_M06,2.505968945,3.65493758,5.302787342,-0.065078427,6.69961294,9.503578642,-0.065078427,2.138018975,1.03794171,-0.065078427,3.237119112,-0.065078427,-0.065078427,-0.065078427,6.700088695
B_i19_M07,2.643120391,3.740797021,5.742926776,-0.072219508,7.508320152,9.365759875,-0.072219508,-0.072219508,-0.072219508,4.045046153,5.459705608,2.978492439,-0.072219508,-0.072219508,6.94006162
B_i19_M08,2.495620666,3.066384155,6.205923804,1.027764935,7.067652099,9.271225493,-0.075381859,1.539304246,-0.075381859,6.155719578,4.974557047,3.862871586,-0.075381859,-0.075381859,6.29436735
B_i19_M09,3.619463642,3.876219518,6.709548712,-0.100494034,6.492213352,9.127943842,-0.100494034,-0.100494034,-0.100494034,2.102550192,6.705099284,3.758743456,-0.100494034,-0.100494034,6.317858251
B_i19_M10,2.484949944,2.484949944,6.487167099,-0.086058643,6.80702883,9.1581669,1.016933436,2.753332373,-0.086058643,5.140824337,7.234386343,3.812190668,1.016933436,-0.086058643,6.671597688
B_i19_M11,3.281448876,3.348154925,6.667810699,1.010792114,7.0713317,8.940917402,1.522498579,2.621990934,-0.092236057,7.214848837,6.697698207,6.106729479,1.010792114,-0.092236057,6.251194534
B_i19_M12,3.524825862,4.824292189,6.425798932,3.972170373,5.870989998,9.112003686,-0.142144082,4.721493535,-0.142144082,6.569433572,6.48997094,5.704888047,-0.142144082,1.806764958,6.967137016
B_i20_M01,-0.062255401,2.141394002,-0.062255401,-0.062255401,5.324833812,9.495844893,-0.062255401,-0.062255401,-0.062255401,-0.062255401,3.987894595,-0.062255401,-0.062255401,-0.062255401,7.640724351
B_i20_M02,4.987884466,-0.206172003,4.953788959,-0.206172003,6.435160583,9.217158033,-0.206172003,-0.206172003,5.584340622,-0.206172003,3.019144377,3.692219859,-0.206172003,-0.206172003,4.830930234
B_i20_M03,6.2792811,2.121416278,5.340993674,-0.081673954,6.867072847,9.042817854,-0.081673954,1.021340798,4.099208609,1.869892953,6.673674333,2.121416278,-0.081673954,-0.081673954,7.179921628
B_i20_M04,5.122487473,3.626448395,5.983759884,-0.093588159,6.264030447,9.244975166,2.857128764,-0.093588159,-0.093588159,2.957245335,7.217548912,3.523776826,-0.093588159,3.719553138,6.86288753
B_i20_M05,6.043052845,4.987247211,6.343805991,4.474079235,6.609217832,9.194042798,3.213981583,1.86337213,-0.088085423,3.285457021,5.861166015,1.01484417,-0.088085423,2.962598902,7.032453386
B_i20_M06,6.163062198,6.207930082,6.918301684,4.837920273,6.820201751,8.840316482,4.272858614,4.414281137,1.848472747,7.548887769,5.643265159,5.534918903,-0.103039174,-0.103039174,6.569287511
B_i20_M07,2.955323293,2.308410274,7.459140691,3.761355452,5.131435348,9.127138732,-0.095506889,2.107817975,-0.095506889,6.81585935,6.345769989,4.887803423,-0.095506889,-0.095506889,6.628911914
B_i20_M08,4.615662987,6.038922139,7.320340406,3.023541489,6.680670443,8.467748698,2.721159612,3.183926534,-0.118268323,7.812403344,7.795614588,4.763480493,2.452776477,-0.118268323,6.715955506
B_i20_M09,4.619867042,6.051619038,7.323359752,3.555930105,6.380211573,8.797031028,3.32631201,2.600147983,2.289833075,6.124972652,6.966648825,3.653584309,1.837505051,-0.114079991,7.131747833
B_i20_M10,4.488850743,3.822900538,7.127770996,-0.115110648,6.73173803,9.036145709,-0.115110648,-0.115110648,-0.115110648,6.580394461,5.463328347,3.652252076,1.499377545,-0.115110648,6.378872673
B_i20_M11,4.023226161,1.824998391,6.937246944,3.490921269,6.435562424,9.251909713,3.990961189,4.170568045,-0.127709763,6.262019421,4.412731358,3.641233253,-0.127709763,-0.127709763,6.548434979
B_i20_M12,3.032793149,4.860384344,6.234399909,3.033704836,6.202022596,9.245685593,3.452861052,4.408372852,-0.109034312,6.877655659,5.840367913,4.832840044,3.032793149,-0.109034312,6.639278761
B_i21_M01,-0.047763802,-0.047763802,-0.047763802,-0.047763802,6.22984173,9.105306731,-0.047763802,-0.047763802,-0.047763802,-0.047763802,7.456069348,-0.047763802,-0.047763802,-0.047763802,8.320338862
B_i21_M02,-0.029576655,-0.029576655,-0.029576655,-0.029576655,-0.029576655,9.625613264,-0.029576655,-0.029576655,-0.029576655,1.581201674,2.169137163,-0.029576655,-0.029576655,-0.029576655,7.106988103
B_i21_M03,1.058568107,-0.044468807,2.669770403,-0.044468807,5.171610857,9.620322686,-0.044468807,-0.044468807,2.526601756,-0.044468807,1.058568107,-0.044468807,-0.044468807,-0.044468807,6.45287432
B_i21_M04,-0.033160625,-0.033160625,1.918434326,-0.033160625,3.528627776,9.603110713,-0.033160625,-0.033160625,-0.033160625,-0.033160625,5.514706144,-0.033160625,-0.033160625,1.072587646,7.108354097
B_i21_M05,2.511041502,-0.059985381,6.704683826,1.043019933,6.206165861,9.453256486,-0.059985381,-0.059985381,-0.059985381,-0.059985381,6.356423163,-0.059985381,-0.059985381,-0.059985381,6.311336406
B_i21_M06,3.574528268,3.407676355,6.73413015,-0.095066377,6.535181925,9.11454073,-0.095066377,-0.095066377,-0.095066377,2.744535709,6.7260286,4.054161645,-0.095066377,-0.095066377,6.449255786
B_i21_M07,1.034525423,-0.070651382,7.081700411,-0.070651382,5.0045852,9.330155191,-0.070651382,4.140318757,-0.070651382,4.570388265,6.1602668,2.768560572,-0.070651382,-0.070651382,6.314136348
B_i21_M08,4.958991275,1.014178447,7.03762604,-0.084433842,6.004611033,9.323998025,3.412189167,4.058700884,1.52500407,5.863601147,6.132172259,3.579127804,-0.084433842,2.313461431,6.766751085
B_i21_M09,4.309417851,-0.091579343,6.438602879,-0.091579343,3.721565917,9.180919333,2.312344669,3.806735714,-0.091579343,6.552299647,7.101189578,5.167289108,-0.091579343,2.747874857,6.917200218
B_i21_M10,2.844895569,2.465245456,6.656565466,2.733629027,4.931435567,9.016063672,2.097294756,4.712934895,-0.10582173,6.492468905,7.203969836,5.495491061,-0.10582173,2.465245456,6.628228048
B_i21_M11,-0.098383023,1.516150126,6.651914774,-0.098383023,5.384300421,9.186260738,1.516054762,5.792118164,-0.098383023,6.715790985,5.464666942,4.752000979,-0.098383023,-0.098383023,6.445993734
B_i21_M12,1.541825456,1.541825456,6.338925987,-0.072913555,4.528761619,9.451018186,-0.072913555,3.068915652,-0.072913555,5.498203558,6.080023563,1.030118265,-0.072913555,1.541825456,5.927653407
B_i22_M01,-0.058963585,-0.058963585,-0.058963585,-0.058963585,-0.058963585,9.282961459,-0.058963585,-0.058963585,-0.058963585,-0.058963585,-0.058963585,-0.058963585,-0.058963585,7.365240866,7.009850403
B_i22_M02,5.517296632,4.879594119,2.652777317,-0.06146188,6.700928954,9.305908329,-0.06146188,-0.06146188,5.811617063,1.041654572,5.822884997,-0.06146188,-0.06146188,-0.06146188,6.950950753
B_i22_M03,1.906198646,-0.044811997,3.005376054,-0.044811997,5.030002959,9.449486431,-0.044811997,-0.044811997,2.794000492,2.668901981,4.895567323,-0.044811997,-0.044811997,-0.044811997,5.979714841
B_i22_M04,4.477970759,-0.039491026,4.658353239,-0.039491026,5.763103199,9.624460074,-0.039491026,-0.039491026,-0.039491026,-0.039491026,3.463374827,-0.039491026,-0.039491026,-0.039491026,5.31519098
B_i22_M05,-0.060151573,-0.060151573,5.015337543,-0.060151573,5.188186949,9.530238691,-0.060151573,-0.060151573,-0.060151573,1.55459101,6.546336393,-0.060151573,-0.060151573,-0.060151573,6.847198893
B_i22_M06,6.27093896,-0.076038167,6.636222318,-0.076038167,6.549321472,9.371487169,1.538706839,2.874682463,-0.076038167,3.0657982,4.934493269,1.026998653,-0.076038167,-0.076038167,6.242314127
B_i22_M07,2.771663051,-0.067782971,5.833222617,-0.067782971,6.64446898,9.381796333,-0.067782971,2.503389524,1.03524814,4.229207001,6.875174285,1.883907088,-0.067782971,-0.067782971,7.094229113
B_i22_M08,5.750045988,3.225575244,6.770522101,-0.076633062,6.204732228,9.091867084,1.538100896,7.200290922,1.026394544,6.142575506,6.910171376,1.026394544,-0.076633062,-0.076633062,6.502255945
B_i22_M09,6.198368903,4.426902969,6.096117514,1.861104553,6.245942463,9.315999426,2.480788298,5.28672228,2.62429123,5.81049929,6.083617184,-0.090342122,-0.090342122,-0.090342122,5.988761398
B_i22_M10,5.128372611,4.917055291,6.729336787,3.441819815,6.258261109,8.809184633,3.253728517,6.667710683,-0.119968836,7.493044661,7.232021131,5.975690449,2.594492511,4.375222682,5.924515707
B_i22_M11,4.793319862,5.637009056,6.586353624,3.738101737,5.793437636,9.056881916,4.282461856,5.804278044,-0.118484919,7.445563133,6.558851665,5.963424612,2.084589413,-0.118484919,6.440592188
B_i22_M12,3.643161295,4.086708845,6.949429058,1.490230478,5.608941068,9.037047509,3.492854171,4.886016805,-0.124514096,7.138407419,6.895124685,5.375149096,-0.124514096,-0.124514096,6.707567705
B_i23_M01,-0.041316615,-0.041316615,1.910278703,-0.041316615,4.282712956,9.659004559,-0.041316615,1.061720262,-0.041316615,1.573428459,1.573428459,-0.041316615,-0.041316615,-0.041316615,5.9691837
B_i23_M02,1.539241475,1.876091213,3.862820429,-0.075496468,3.4862837,9.413245385,-0.075496468,1.876091213,4.074271348,4.710192232,6.508976373,2.638734378,-0.075496468,3.862820429,7.062817429
B_i23_M03,-0.066652566,-0.066652566,3.075179339,-0.066652566,3.373746432,9.223655401,-0.066652566,-0.066652566,4.930359916,-0.066652566,4.428534425,-0.066652566,-0.066652566,1.884938678,4.943874238
B_i23_M04,-0.054921426,-0.054921426,2.659315634,-0.054921426,3.448013268,9.543969311,-0.054921426,-0.054921426,3.615098152,-0.054921426,5.428141804,-0.054921426,-0.054921426,-0.054921426,6.414725042
B_i23_M05,4.918878526,-0.064356317,2.138689128,-0.064356317,4.019616632,9.501424451,-0.064356317,-0.064356317,2.339491723,-0.064356317,4.442000539,1.550321898,-0.064356317,-0.064356317,6.709525399
B_i23_M06,5.648412438,3.604597739,1.549321589,-0.065420976,4.958559823,9.456453192,-0.065420976,-0.065420976,-0.065420976,3.437512858,5.818922736,1.037613808,-0.065420976,2.137695926,6.516272083
B_i23_M07,4.625205997,2.878026851,6.533777197,-0.072321647,2.331245052,9.229973834,-0.072321647,-0.072321647,-0.072321647,3.825608562,5.711785622,2.331245052,-0.072321647,-0.072321647,7.380218818
B_i23_M08,5.464125705,4.25633706,6.995729383,-0.067609704,4.901498476,9.300814083,-0.067609704,-0.067609704,-0.067609704,3.945916674,6.221071645,1.035212016,-0.067609704,1.546877404,7.244553627
B_i23_M09,3.487526067,2.972055183,6.902314115,-0.078657714,6.17223325,9.216160078,-0.078657714,2.760673482,-0.078657714,3.361734721,6.400177546,1.535982755,-0.078657714,-0.078657714,7.450237992
B_i23_M10,5.151575158,5.296061317,6.827197106,-0.117668874,4.79414513,8.995785226,-0.117668874,4.093513602,2.596531349,5.641470785,5.755368447,1.497042798,-0.117668874,1.497042798,7.156558809
B_i23_M11,2.951285067,3.20266648,6.918272306,2.851169877,5.138138799,9.254640863,-0.099284435,3.042283057,-0.099284435,6.427675832,6.532511727,5.296106857,-0.099284435,4.560964103,6.674518786
B_i23_M12,4.86721999,5.378057037,6.832404566,2.92113849,6.065071463,8.708959135,0.974028057,5.006689836,-0.127390509,7.918227518,7.117462645,5.142093368,2.584586279,2.821033986,6.857125898
B_i24_M01_2,5.447816743,5.029525169,5.719931635,-0.178234215,5.884863886,8.818649948,2.538511344,5.651134778,-0.178234215,6.51692873,5.380119369,6.192484674,-0.178234215,2.775143148,6.816712598
B_i24_M01,-0.061756041,-0.061756041,4.022413438,-0.061756041,4.433433053,9.491754463,-0.061756041,3.441178289,-0.061756041,1.552986933,3.441178289,-0.061756041,-0.061756041,-0.061756041,7.344264943
B_i24_M02,4.772148477,6.810409871,5.279824563,4.60137772,6.070007997,9.393070255,-0.073634834,-0.073634834,4.673128254,-0.073634834,6.148561022,-0.073634834,-0.073634834,2.492799738,6.557335178
B_i24_M03,5.57307365,5.096720056,6.464509993,6.509525043,4.748868531,9.034546524,2.117097804,4.063637495,-0.086021696,7.055493241,6.100610628,6.835331986,3.584115887,-0.086021696,5.354300804
B_i24_M04,4.750707888,5.996081098,6.453412704,3.952987151,5.828786799,9.035133,2.07205892,4.918943403,3.094174925,6.934312968,6.829238404,6.973103879,3.952987151,3.80725797,5.922917168
B_i24_M05,2.118362402,1.018175901,5.406691588,1.529946349,2.756516486,9.347778329,-0.085173951,1.529946349,-0.085173951,5.62901077,6.612757494,5.1741604,2.486329149,-0.085173951,7.152482035
B_i24_M06,4.948341642,4.935682725,7.003145842,2.075980931,6.508832964,8.751964562,2.075980931,4.084073964,-0.127037978,7.155262828,6.855820296,5.779357849,4.322053131,7.159482067,6.534910282
B_i24_M07,4.077271567,3.873155613,6.982154676,3.126083552,6.556068481,8.84197023,-0.10295476,5.134289119,-0.10295476,6.677378295,7.099657404,6.681753434,2.300332893,5.526971424,7.013937594
B_i24_M08,4.779730016,5.398791888,6.156618147,3.108044559,6.555105389,8.688336498,2.833525197,3.859598679,0.986420127,7.822866037,6.88060087,5.825107112,3.650478221,4.063716785,6.160406078
B_i24_M09,5.633456428,6.048407392,6.884872876,3.016225996,6.727840861,8.54046402,2.278308404,5.769764416,1.489022394,7.726709652,6.888618323,6.005573687,3.687420613,-0.125714016,6.188991157
B_i24_M10,6.229640044,6.434285412,7.107991199,3.851953106,6.152762863,8.461953777,3.436944526,5.430837172,-0.12490476,7.88045616,7.094813784,6.152762863,3.731792727,-0.12490476,6.296873082
B_i24_M11,4.320975276,5.841964109,6.793126082,3.17399389,6.149377692,8.536572387,2.276888268,5.821183784,0.974809347,7.664535443,7.218584298,5.971956606,2.822492943,3.433561028,6.536404315
B_i24_M12,5.757453818,5.326088457,6.463363032,3.208407374,6.513026577,8.689680983,1.449566809,5.70788611,3.647846784,7.356112668,6.763954187,6.338082182,3.452073697,2.405809033,6.988870744
B_i25_M01,-0.0773609,3.818594055,-0.0773609,-0.0773609,7.109968217,9.199001978,-0.0773609,1.024067109,2.123616213,-0.0773609,4.561547811,-0.0773609,-0.0773609,-0.0773609,8.00244104
B_i25_M02,5.774693014,-0.040048659,1.063060703,-0.040048659,3.339751958,9.529185523,-0.040048659,-0.040048659,-0.040048659,-0.040048659,1.574687949,-0.040048659,-0.040048659,-0.040048659,4.886503106
B_i25_M03,6.172960629,-0.05820858,6.285229319,-0.05820858,1.893381839,9.534104675,-0.05820858,-0.05820858,-0.05820858,-0.05820858,2.89250672,-0.05820858,-0.05820858,-0.05820858,4.602430673
B_i25_M04,5.544756833,1.038749423,6.911150363,-0.064214961,6.732752831,9.32174796,-0.064214961,-0.064214961,3.160921897,1.038749423,4.84753273,1.038749423,2.138808211,-0.064214961,6.026790707
B_i25_M05,6.944435132,3.705126777,5.564854053,-0.061820037,6.499411634,9.305438884,-0.061820037,-0.061820037,4.878494818,1.889134905,1.889134905,-0.061820037,-0.061820037,-0.061820037,1.889134905
B_i25_M06,5.745798399,4.803461448,6.259045967,1.042039546,6.521552057,9.384516087,1.040126978,-0.062869921,2.140196542,-0.062869921,-0.062869921,1.888776205,-0.062869921,-0.062869921,4.538753511
B_i25_M07,6.120285742,3.697313222,7.02371866,1.032557869,6.665966651,9.22039104,2.980358225,-0.070478847,2.132640627,1.881116264,4.74828111,-0.070478847,1.032557869,-0.070478847,6.663574286
B_i25_M08,4.51016826,3.97834293,7.142521496,1.031815914,7.218164176,9.22594384,1.543523685,6.999305848,2.979615427,1.031815914,1.880373747,-0.071218821,1.031815914,-0.071218821,6.320590798
B_i25_M09,4.868449175,5.33227364,7.416699743,-0.072433858,7.267812706,9.192484569,1.879012033,2.130636804,4.56868805,1.030486653,2.641642671,-0.072433858,-0.072433858,-0.072433858,6.897205434
B_i25_M10,3.405555756,4.857845713,6.781253864,1.005544079,6.96098251,8.882863332,1.517250607,7.398540994,1.517250607,5.814595207,7.000036928,4.462940064,-0.097484407,1.517250607,7.1338812
B_i25_M11,3.771690152,4.240260542,6.059281528,1.529852884,5.273395274,9.478684995,2.318853222,3.140176001,2.865654253,4.68368549,5.594869163,4.032332692,1.529662124,-0.085173045,6.720617358
B_i25_M12,4.647335773,5.595093998,7.216207325,4.158636764,6.120158917,8.683339862,1.476384572,6.388879159,2.912475803,6.918384548,7.055919928,6.127836595,4.237867173,3.676648063,6.777015938
B_i26_M02,6.883276942,6.803777227,6.245417031,5.338762604,7.182312511,8.938791064,3.621039927,-0.101531681,3.982495256,4.437598077,4.948452,4.649944247,4.922305596,-0.101531681,5.357384346
B_i26_M03,6.872069273,7.125477147,5.815888926,5.081225628,6.951868766,9.160700427,3.711646002,1.001859925,4.079526132,4.347693065,4.615413586,5.454161783,5.125433082,-0.100482274,5.466668923
B_i26_M04,6.289939949,6.751326018,6.351648497,3.790536175,7.236917742,8.536558206,4.451841262,5.314104946,3.829730012,7.19172713,7.258769604,6.927115614,3.394456757,-0.10859311,6.180288301
B_i26_M05,3.796958131,3.87543988,5.507485258,-0.101327918,6.276872695,9.369401096,3.982815084,5.998827013,1.00176876,3.618683701,6.545139328,3.040480256,-0.101327918,1.513393483,6.330130455
B_i26_M06,5.723987913,5.409551523,6.300642303,4.261609722,6.300642303,8.93629084,3.447292355,7.444063004,3.027344807,7.641012493,6.185531528,2.724967468,3.110748281,-0.11418041,6.11666985
B_i26_M07,3.464376665,4.814443159,6.420952816,3.204809553,6.503621724,8.982476372,-0.097408292,6.597563788,-0.097408292,7.782812574,6.758276578,4.78436421,-0.097408292,2.306620353,6.224563358
B_i26_M08,5.891150427,6.004910226,6.281239585,4.206640063,6.587909809,8.317133038,3.15858677,6.822275563,3.359281193,8.285416857,5.757273525,6.659700178,4.906282784,1.471613448,6.071463334
B_i26_M09,2.845932909,4.135852322,6.997729268,2.299352944,6.407615708,9.097777989,1.509957954,3.833537671,1.509957954,7.260031062,6.252834559,4.164545779,2.299136336,-0.104783396,7.172149809
B_i26_M10,3.496896592,4.648274453,6.438655347,2.830248822,5.735462646,9.178721569,-0.120457228,4.761303864,-0.120457228,6.783082415,6.611182593,5.573109874,2.593767484,-0.120457228,7.255753431
B_i26_M11,4.813887675,4.756315141,6.288829593,3.612137915,6.914986723,8.658110284,2.415539767,5.510785265,1.459231186,7.997045054,7.140694401,6.751812444,1.7960736,3.14668547,5.940118499
B_i26_M12,5.165665657,4.19989721,7.018972523,3.017710416,6.007163796,8.903848535,2.279807889,5.383726501,2.079007862,7.135960259,7.15696953,5.953230616,3.105583363,2.927052442,7.042558641
B_i27_M01,-0.038646153,-0.038646153,-0.038646153,-0.038646153,-0.038646153,9.616384776,-0.038646153,-0.038646153,-0.038646153,-0.038646153,4.078749002,-0.038646153,-0.038646153,-0.038646153,6.64631727
B_i27_M03,-0.057718875,-0.057718875,-0.057718875,-0.057718875,-0.057718875,9.570389095,-0.057718875,-0.057718875,-0.057718875,2.656417677,3.612195806,-0.057718875,-0.057718875,-0.057718875,6.941809956
B_i27_M04,-0.071289786,-0.071289786,1.543446702,-0.071289786,-0.071289786,9.450576797,-0.071289786,-0.071289786,-0.071289786,4.252729208,6.191066438,4.779464198,-0.071289786,2.768154269,7.611799646
B_i27_M05,-0.066201265,1.036910524,1.885388102,-0.066201265,1.548538252,9.249791659,-0.066201265,1.036830977,-0.066201265,6.425046519,7.555716448,5.801188779,-0.066201265,3.495696487,7.603825925
B_i27_M06,2.656399305,-0.057827064,4.367549961,-0.057827064,1.556907039,9.54595453,-0.057827064,1.045280208,-0.057827064,3.798796096,6.227416688,3.709835557,-0.057827064,1.556907039,6.495683638
B_i27_M07,4.43037148,2.963793094,5.084332692,1.527704064,5.061209394,9.210305233,1.527704064,1.01599867,-0.087024115,6.209287707,7.168794733,5.579043622,-0.087024115,2.316880661,7.21734818
B_i27_M08,4.513910452,-0.087770589,6.178426164,-0.087770589,4.45138579,9.335967403,-0.087770589,3.137468881,-0.087770589,-0.087770589,3.214449501,-0.087770589,-0.087770589,-0.087770589,7.610054411
B_i27_M09,-0.056900642,-0.056900642,6.821358295,1.045807279,3.316321363,9.175154333,1.045807279,5.727107306,-0.056900642,5.573231952,5.967814862,-0.056900642,-0.056900642,-0.056900642,7.141413989
B_i27_M10,2.622710192,-0.091524913,7.230314306,-0.091524913,5.985822787,9.280818613,-0.091524913,4.232500375,-0.091524913,6.017644131,5.257402966,3.676146848,-0.091524913,-0.091524913,6.575667004
B_i27_M11,5.788347053,5.475352644,6.660054755,2.285489074,6.408738411,8.879004397,3.18386069,6.025840317,2.93486811,7.399647351,6.316221721,4.969493921,2.723689055,3.106767637,6.960542839
B_i27_M12,-0.103951293,3.510387412,5.524399874,0.997085598,4.453639929,9.197822826,2.2972488,4.711720177,-0.103951293,6.399346117,5.74887902,5.677205812,-0.103951293,-0.103951293,7.939043142
B_i28_M01,-0.042268443,-0.042268443,3.934526735,-0.042268443,5.938152273,9.620730489,-0.042268443,1.57247531,-0.042268443,-0.042268443,4.430191655,-0.042268443,-0.042268443,-0.042268443,6.188904818
B_i28_M02,-0.040104364,-0.040104364,-0.040104364,-0.040104364,4.283921709,9.621355098,-0.040104364,-0.040104364,2.163012172,-0.040104364,5.507996497,-0.040104364,-0.040104364,2.163012172,6.527542979
B_i28_M03,5.811550334,-0.072404664,2.498302962,-0.072404664,5.789004791,9.208929004,-0.072404664,-0.072404664,-0.072404664,5.65412336,7.572508798,1.883463577,-0.072404664,3.544581833,6.292564568
B_i28_M04,-0.071436788,-0.071436788,5.668628613,-0.071436788,5.73728846,9.329766251,-0.071436788,6.106876848,-0.071436788,6.081505154,7.202710858,2.499631197,-0.071436788,1.880156183,5.529876865
B_i28_M05,-0.100356654,-0.100356654,5.024203453,-0.100356654,2.950457933,9.459682098,-0.100356654,5.619960142,-0.100356654,2.850341461,5.783966405,1.002664293,-0.100356654,-0.100356654,6.458985347
B_i28_M06,-0.080342264,2.633886745,6.747376708,-0.080342264,4.995730837,9.328475518,-0.080342264,6.311459704,-0.080342264,3.293344756,6.95180888,1.534394103,-0.080342264,2.122767756,6.17442537
B_i28_M07,2.456796042,0.988237827,6.557473037,-0.114732813,5.860488524,9.075485284,-0.114732813,7.257606331,-0.114732813,0.988237827,6.49083843,0.988237827,-0.114732813,-0.114732813,7.322500835
B_i28_M08,0.996235551,-0.10680033,7.208366115,-0.10680033,4.805053585,9.28956819,-0.10680033,5.777545019,0.998547534,3.706343417,5.130901031,2.096635789,-0.10680033,-0.10680033,7.375729968
B_i28_M09,1.872508347,1.535674436,6.857990397,1.024004398,4.070536176,9.252687011,-0.078840695,5.70513456,-0.078840695,5.793951957,7.149333018,2.880337234,-0.078840695,-0.078840695,6.976453742
B_i28_M10,3.406624632,3.462320691,6.810860164,2.047947883,5.360829225,9.109549743,2.248754021,6.209298669,1.459565051,5.17444531,6.259985767,4.630535204,-0.155254413,2.895671359,7.074758807
B_i28_M11,1.011141867,1.011221413,6.817458252,-0.091869976,4.698405303,8.970861043,-0.091869976,5.686261459,-0.091869976,5.516816694,6.50912659,4.805021844,-0.091869976,-0.091869976,7.388355496
B_i28_M12,2.470769706,2.613938093,7.086391673,1.514447385,5.331247832,9.167834846,1.514447385,4.923563056,-0.100277308,5.365884316,7.2175408,4.111038472,-0.100277308,2.103667377,7.265790261
B_i29_M01,2.356098841,-0.047825146,5.912030616,-0.047825146,6.070257133,9.533301242,-0.047825146,-0.047825146,-0.047825146,4.491332886,1.567015322,-0.047825146,-0.047825146,-0.047825146,7.118868518
B_i29_M02,3.845626021,2.518381625,5.421972815,1.562056393,4.486469006,9.591180878,1.902900487,-0.052687335,-0.052687335,2.898031784,1.562056393,-0.052687335,-0.052687335,-0.052687335,6.614507239
B_i29_M03,4.613622834,5.479018794,7.041036363,1.530381999,7.281869561,9.223035402,1.018708029,2.629841914,1.530381999,6.134808624,2.486675894,-0.084156818,-0.084156818,-0.084156818,6.637590945
B_i29_M04,5.532176721,6.333665025,6.549935518,1.860287811,7.110493162,9.222686481,3.050521068,2.479757779,2.859406055,6.349846779,6.111741571,1.5234421,-0.091239157,1.860287811,6.13588793
B_i29_M05,3.42466181,4.132717507,7.306503071,1.875339913,7.818329224,8.938181167,-0.078504045,2.124613835,-0.078504045,7.509329942,4.723859436,2.760948187,2.124613835,-0.078504045,5.307990397
B_i29_M06,4.096793536,3.854204263,7.090311073,2.119004241,6.585631273,9.198915293,1.867481925,5.783274515,-0.08405761,6.679100955,5.284123921,2.319807207,1.018935825,1.53063538,6.635455184
B_i29_M08,3.767028614,5.90596612,6.70935825,2.624632042,7.047114453,9.071107951,-0.0895898,6.663425604,2.314317292,6.724948881,6.298826086,4.865734375,2.749846886,-0.0895898,6.590310855
B_i29_M09,-0.079951303,2.12316058,6.658872326,-0.079951303,6.917840301,9.18322465,-0.079951303,6.574349299,-0.079951303,6.727945179,6.284500315,-0.079951303,-0.079951303,-0.079951303,6.978638347
B_i29_M10,2.851002058,3.756914776,6.354201193,-0.099623226,6.210535521,9.304637489,-0.099623226,3.713423509,-0.099623226,5.920604888,6.091041116,-0.099623226,-0.099623226,2.471354291,6.04028957
B_i29_M11,-0.090712154,-0.090712154,5.267976093,-0.090712154,4.588679376,9.204046037,3.722428005,5.480407359,-0.090712154,7.029862986,6.031789799,-0.090712154,-0.090712154,-0.090712154,6.534642417
B_i29_M12,3.053113903,4.61339039,5.68934387,3.804549266,5.285309101,8.877458678,4.811002014,6.941699289,-0.166637913,6.965972343,4.408976137,6.278404368,-0.166637913,2.542263957,6.592368007
B_i30_M01,-0.037238168,-0.037238168,3.187926853,-0.037238168,1.065904912,9.257380012,-0.037238168,-0.037238168,-0.037238168,-0.037238168,2.165811093,-0.037238168,-0.037238168,-0.037238168,6.337488209
B_i30_M02,-0.03389692,-0.03389692,-0.03389692,-0.03389692,-0.03389692,9.486947694,-0.03389692,-0.03389692,-0.03389692,-0.03389692,-0.03389692,-0.03389692,-0.03389692,-0.03389692,5.589479627
B_i30_M03,-0.048175279,-0.048175279,3.76495765,-0.048175279,-0.048175279,9.648549993,-0.048175279,-0.048175279,-0.048175279,2.902533535,3.621834255,-0.048175279,-0.048175279,-0.048175279,5.962312513
B_i30_M04,2.871835151,-0.075413235,4.996437599,-0.075413235,3.062917493,9.558220919,-0.075413235,-0.075413235,-0.075413235,-0.075413235,4.217970899,2.124447557,-0.075413235,-0.075413235,6.929705279
B_i30_M05,4.933588295,3.14829394,6.294426302,-0.077059762,5.616639681,9.429182973,-0.077059762,1.539880651,-0.077059762,3.363457391,4.192272285,2.873772131,-0.077059762,-0.077059762,6.453239551
B_i30_M06,1.550557009,-0.064050424,5.768388432,-0.064050424,6.075791392,9.471128217,-0.064050424,-0.064050424,-0.064050424,2.339717238,3.376186852,-0.064050424,-0.064050424,-0.064050424,7.1163607
B_i30_M07,3.893940085,4.128366756,6.599587347,-0.082834648,5.846164656,9.309157397,2.493176976,6.435507974,-0.082834648,5.540519581,5.533220103,2.488215098,-0.082834648,1.531892414,6.888846557
B_i30_M08,4.274733967,2.875112226,6.474914745,1.876002129,6.271360112,9.273695158,2.127521116,6.514531371,-0.075446968,5.024722864,5.941316885,-0.075446968,-0.075446968,-0.075446968,6.972418194
B_i30_M09,3.981214285,4.104459463,6.667264899,-0.136168799,5.696547907,9.197059116,1.478566491,5.419498971,-0.136168799,6.308308512,6.621542304,3.005655963,-0.136168799,2.267744051,6.839292723
B_i30_M10,4.616518573,4.522103009,6.376406721,1.515166585,5.200319455,9.37443005,3.274116278,5.767815197,-0.099565114,5.025002096,5.094396736,2.304343659,-0.099565114,-0.099565114,7.046702861
B_i30_M11,5.198813372,3.748077965,6.221131576,-0.150219436,6.108283348,9.17424015,0.952805438,4.250759958,-0.150219436,5.879823799,4.873628357,4.060986421,-0.150219436,0.952805438,6.529681798
B_i30_M12,4.88424972,2.431455111,6.416654894,-0.13960853,4.830048537,9.146412886,-0.13960853,4.85740128,-0.13960853,6.416654894,4.662749591,-0.13960853,-0.13960853,-0.13960853,6.425202035
B_i31_M01,5.903875203,5.267871541,5.277842811,3.431608864,6.159729856,9.422625569,1.031610261,-0.07138928,2.499629622,-0.07138928,1.880362395,-0.07138928,2.1316807,-0.07138928,6.661042864
B_i31_M02,5.693458411,4.788049209,5.876305758,3.063494962,6.356382618,9.468578934,3.063608874,1.027007763,1.873253965,2.124778293,2.761112681,-0.078340194,3.295356018,-0.078340194,6.128783791
B_i31_M03,4.883147622,5.493683066,5.626749224,3.273529986,6.776505453,9.368065464,1.002897367,4.250179625,2.850554878,2.614074639,3.273529986,-0.100076603,-0.100076603,-0.100076603,7.017149611
B_i31_M04,5.783512455,5.816688531,6.846418451,3.937589692,7.100282858,9.078750902,3.113382523,2.838749194,2.459101551,1.50278908,6.529277322,2.727483281,-0.111871198,2.602269118,5.837434817
B_i31_M05,5.838348988,5.526235894,6.548781327,3.13540053,6.746574845,9.316342468,1.861859047,4.121382526,2.314084484,2.961223797,4.551453261,3.773226393,2.860880452,-0.089820783,5.526235894
B_i31_M06,5.539500368,3.656058803,6.223391695,2.334701457,5.798173317,9.072698668,-0.069210659,4.425968151,2.501847826,-0.069210659,1.546287331,1.033817518,-0.069210659,-0.069210659,4.900204394
B_i31_M07,5.175933962,5.366084226,6.886997763,1.020105805,6.495968392,9.265326255,1.531812635,4.63316584,-0.082924196,5.408464634,4.900383318,3.219287564,1.531812635,1.020105805,5.912758716
B_i31_M08,4.964787909,5.505372827,6.49578672,3.262993526,6.784490931,9.063252989,2.728750421,5.843942961,2.460366982,6.28783126,6.059226112,4.724186158,1.840892508,2.460366982,6.333666291
B_i31_M09,5.094899086,3.307054689,6.751594475,2.069785555,6.747466474,8.870049619,2.706110216,6.085867848,-0.133166557,6.439938018,5.893288261,2.270586041,-0.133166557,-0.133166557,7.446288574
B_i31_M10,3.195971249,4.314537948,5.790397497,3.030989118,6.820380995,9.208400515,3.191373259,6.34623518,0.992238323,6.824250366,4.549673948,3.866529587,0.992238323,-0.110685662,5.947848947
B_i31_M11,4.118633148,3.209975652,6.068883032,1.859006791,5.882729634,9.196420247,2.110530695,6.181226974,-0.09257584,6.043074782,6.426131148,4.08832477,1.522157389,2.31133467,7.468370306
B_i31_M12,4.600550059,4.388748224,6.740138279,3.387387726,6.231426687,8.950014107,2.835172644,6.446426513,-0.115501982,6.509809178,6.426310703,5.067191626,2.724018474,2.288377745,7.405875138
B_i32_M01,-0.036344594,-0.036344594,2.166774207,-0.036344594,3.861969431,9.650815042,-0.036344594,-0.036344594,-0.036344594,1.915249868,2.166774207,-0.036344594,-0.036344594,-0.036344594,6.467048997
B_i32_M02,-0.043812622,-0.043812622,-0.043812622,-0.043812622,3.181656105,9.662897364,-0.043812622,-0.043812622,-0.043812622,-0.043812622,-0.043812622,-0.043812622,-0.043812622,-0.043812622,5.511984906
B_i32_M03,1.904449308,2.156079478,3.003690976,-0.047143152,2.667092895,9.626424757,-0.047143152,-0.047143152,-0.047143152,2.356777779,4.574538205,-0.047143152,-0.047143152,-0.047143152,6.110190569
B_i32_M04,2.356562218,-0.047461674,-0.047461674,-0.047461674,4.705450537,9.60625841,-0.047461674,-0.047461674,-0.047461674,-0.047461674,4.163870111,-0.047461674,-0.047461674,-0.047461674,6.667353629
B_i32_M05,-0.059917715,-0.059917715,5.640538167,-0.059917715,6.549407436,9.469713949,-0.059917715,-0.059917715,-0.059917715,6.743644873,5.219793745,-0.059917715,-0.059917715,-0.059917715,5.250100124
B_i32_M06,1.545640099,-0.069103454,6.832187556,-0.069103454,4.048289777,9.22879859,1.882490234,6.105026852,-0.069103454,6.28490185,6.256480421,-0.069103454,-0.069103454,2.334818779,7.046580944
B_i32_M07,1.026659247,2.126718415,6.779057291,-0.076306282,3.593611419,9.151595069,1.026659247,5.630638322,-0.076306282,6.25277006,6.238303092,2.327628837,-0.076306282,3.225812532,6.818782325
B_i32_M08,2.649545136,-0.064691505,5.608339196,-0.064691505,4.890648408,9.590336672,-0.064691505,-0.064691505,-0.064691505,4.817082265,4.311299605,-0.064691505,-0.064691505,-0.064691505,5.514064281
B_i32_M09,1.539058062,1.539058062,6.47207496,-0.0751768,3.900994978,9.349247342,2.495305461,4.463351048,-0.0751768,5.39920644,6.813366077,-0.0751768,-0.0751768,2.499603895,7.500740374
B_i32_M10,3.217445706,1.529982491,6.672944396,-0.084696466,4.649180628,9.368763388,-0.084696466,4.73398186,-0.084696466,6.658809777,5.346771829,-0.084696466,-0.084696466,-0.084696466,6.76239011
B_i32_M11,1.869762303,2.632406144,6.865012622,-0.081833027,5.417830801,9.264496547,1.021203859,6.108931817,-0.081833027,5.078049949,4.242196558,2.121286674,-0.081833027,-0.081833027,7.873885717
B_i32_M12,1.867609268,1.018950185,6.290716111,1.018950185,5.616250162,9.339650317,-0.084081406,5.700172135,-0.084081406,6.170570354,5.524634712,-0.084081406,-0.084081406,1.867507124,7.066942216
